uid,hn,street,boro,state
91506,37-56/60,85TH ST,QUEENS,NY
90153,33-23,69TH ST,QUEENS,NY
90502,34-07,73RD ST,QUEENS,NY
91532,,ST,QUEENS,NY
90019,33-12,69TH ST,QUEENS,NY
90035,33-14,69TH ST,QUEENS,NY
90060,33-16,69TH ST,QUEENS,NY
90088,33-18,69TH ST,QUEENS,NY
90111,33-20,69TH ST,QUEENS,NY
90139,33-22,69TH ST,QUEENS,NY
90163,33-24,69TH ST,QUEENS,NY
90191,33-26,69TH ST,QUEENS,NY
90020,33-12,70TH ST,QUEENS,NY
90036,33-14,70TH ST,QUEENS,NY
90061,33-16,70TH ST,QUEENS,NY
90089,33-18,70TH ST,QUEENS,NY
90112,33-20,70TH ST,QUEENS,NY
90140,33-22,70TH ST,QUEENS,NY
90164,33-24,70TH ST,QUEENS,NY
90192,33-26,70TH ST,QUEENS,NY
90218,33-28,70TH ST,QUEENS,NY
90244,33-30,70TH ST,QUEENS,NY
90270,33-32,70TH ST,QUEENS,NY
90298,33-34,70TH ST,QUEENS,NY
90323,33-36,70TH ST,QUEENS,NY
90345,33-38,70TH ST,QUEENS,NY
90372,33-40,70TH ST,QUEENS,NY
90399,33-42,70TH ST,QUEENS,NY
90424,33-44,70TH ST,QUEENS,NY
90445,33-46,70TH ST,QUEENS,NY
90461,33-48,70TH ST,QUEENS,NY
90433,33-45,69TH ST,QUEENS,NY
90414,33-43,69TH ST,QUEENS,NY
90386,33-41,69TH ST,QUEENS,NY
90358,33-39,69TH ST,QUEENS,NY
90333,33-37,69TH ST,QUEENS,NY
90313,33-35,69TH ST,QUEENS,NY
90283,33-33,69TH ST,QUEENS,NY
90258,33-31,69TH ST,QUEENS,NY
90232,33-29,69TH ST,QUEENS,NY
90206,33-27,69TH ST,QUEENS,NY
90177,33-25,69TH ST,QUEENS,NY
90125,33-21,69TH ST,QUEENS,NY
90102,33-19,69TH ST,QUEENS,NY
90074,33-17,69TH ST,QUEENS,NY
90046,33-15,69TH ST,QUEENS,NY
90017,33-11A,69TH ST,QUEENS,NY
90003,33-11,69TH ST,QUEENS,NY
91696,82-16,34TH AVE,QUEENS,NY
91609,73-02/22,NORTHERN BLVD,QUEENS,NY
91692,82-06/24,NORTHERN BLVD,QUEENS,NY
91699,83-02/16,NORTHERN BLVD,QUEENS,NY
91710,83-18-28,NORTHERN BLVD,QUEENS,NY
91755,89-02,NORTHERN BLVD,QUEENS,NY
91758,89-04,NORTHERN BLVD,QUEENS,NY
91759,89-06,NORTHERN BLVD,QUEENS,NY
91761,89-08,NORTHERN BLVD,QUEENS,NY
91763,89-10,NORTHERN BLVD,QUEENS,NY
91766,89-12,NORTHERN BLVD,QUEENS,NY
91768,89-14,NORTHERN BLVD,QUEENS,NY
91769,89-16,NORTHERN BLVD,QUEENS,NY
91770,89-18,NORTHERN BLVD,QUEENS,NY
91772,89-20,NORTHERN BLVD,QUEENS,NY
91531,69-01,34TH AVE ,QUEENS,NY
90479,33-53,70TH ST,QUEENS,NY
91534,70-05,34TH AVE,QUEENS,NY
91535,70-07,34TH AVE,QUEENS,NY
91537,70-09,34TH AVE,QUEENS,NY
91539,70-11,34TH AVE,QUEENS,NY
91543,70-15,34TH AVE,QUEENS,NY
91545,70-17,34TH AVE,QUEENS,NY
90482,33-54,71ST ST,QUEENS,NY
91553,71-01,34TH AVE,QUEENS,NY
91558,71-03,34TH AVE,QUEENS,NY
91562,71-05,34TH AVE,QUEENS,NY
91567,71-07,34TH AVE,QUEENS,NY
91570,71-09,34TH AVE,QUEENS,NY
91574,71-11,34TH AVE,QUEENS,NY
91577,71-13,34TH AVE,QUEENS,NY
91581,71-15,34TH AVE,QUEENS,NY
91585,71-17,34TH AVE,QUEENS,NY
91587,71-19,34TH AVE,QUEENS,NY
91602,72-17,34TH AVE,QUEENS,NY
91631,76-09,34TH AVE,QUEENS,NY
91635,77-01,34TH AVE,QUEENS,NY
91644,78-01,34TH AVE,QUEENS,NY
91647,78-09,34TH AVE,QUEENS,NY
91685,81-11,34TH AVE,QUEENS,NY
91700,83-03,34TH AVE,QUEENS,NY
91701,83-05,34TH AVE,QUEENS,NY
91709,83-17,34TH AVE,QUEENS,NY
91705,83-11,34TH AVE,QUEENS,NY
91724,85-11,34TH AVE,QUEENS,NY
91733,86-11,34TH AVE,QUEENS,NY
91737,87-09,34TH AVE,QUEENS,NY
91750,88-11,34TH AVE,QUEENS,NY
91752,89-01,34TH AVE,QUEENS,NY
91764,89-11,34TH AVE,QUEENS,NY
91541,70-12,34TH AVE,QUEENS,NY
91544,70-16,34TH AVE,QUEENS,NY
91547,70-18,34TH AVE,QUEENS,NY
91550,70-22,34TH AVE,QUEENS,NY
91555,71-02,34TH AVE,QUEENS,NY
91560,71-04,34TH AVE,QUEENS,NY
91565,71-06,34TH AVE,QUEENS,NY
91572,71-10,34TH AVE,QUEENS,NY
91579,71-14,34TH AVE,QUEENS,NY
91584,71-16,34TH AVE,QUEENS,NY
91589,71-20,34TH AVE,QUEENS,NY
91590,71-22,34TH AVE,QUEENS,NY
91592,72-02,34TH AVE,QUEENS,NY
91593,72-06,34TH AVE,QUEENS,NY
91594,72-08,34TH AVE,QUEENS,NY
91596,72-10,34TH AVE,QUEENS,NY
91598,72-12,34TH AVE,QUEENS,NY
91600,72-16,34TH AVE,QUEENS,NY
91603,72-18,34TH AVE,QUEENS,NY
91604,72-22,34TH AVE,QUEENS,NY
91632,76-10,34TH AVE,QUEENS,NY
91638,77-02,34TH AVE,QUEENS,NY
91641,77-10,34TH AVE,QUEENS,NY
91660,79-10,34TH AVE,QUEENS,NY
91687,81-14,34TH AVE,QUEENS,NY
91691,82-06,34TH AVE,QUEENS,NY
91717,84-10,34TH AVE,QUEENS,NY
91723,85-10,34TH AVE,QUEENS,NY
91732,86-10,34TH AVE,QUEENS,NY
91738,87-10,34TH AVE,QUEENS,NY
91779,99-10,34TH AVE,QUEENS,NY
91757,89-04,34TH AVE,QUEENS,NY
91767,89-14,34TH AVE,QUEENS,NY
91777,90-10,34TH AVE,QUEENS,NY
90914,34-55,71ST ST,QUEENS,NY
91554,71-01,35TH AVE,QUEENS,NY
91559,71-03,35TH AVE,QUEENS,NY
91563,71-05,35TH AVE,QUEENS,NY
91568,71-07,35TH AVE,QUEENS,NY
91571,71-09,35TH AVE,QUEENS,NY
91575,71-11,35TH AVE,QUEENS,NY
91578,71-13,35TH AVE,QUEENS,NY
91582,71-15,35TH AVE,QUEENS,NY
91586,71-17,35TH AVE,QUEENS,NY
91588,71-19,35TH AVE,QUEENS,NY
90915,34-56,72ND ST,QUEENS,NY
91591,72-01/11,35TH AVE,QUEENS,NY
91621,74-15,35TH AVE,QUEENS,NY
91623,75-05,35TH AVE,QUEENS,NY
91626,75-15,35TH AVE,QUEENS,NY
91633,76-15,35TH AVE,QUEENS,NY
91642,77-11,35TH AVE,QUEENS,NY
91655,79-01,35TH AVE,QUEENS,NY
91662,79-15,35TH AVE,QUEENS,NY
91670,80-09,35TH AVE,QUEENS,NY
90882,34-49,81ST ST,QUEENS,NY
91680,81-05,35TH AVE,QUEENS,NY
91688,81-15,35TH AVE,QUEENS,NY
91695,82-15,35TH AVE,QUEENS,NY
91702,83-09,35TH AVE,QUEENS,NY
91716,84-09,35TH AVE,QUEENS,NY
91725,85-15,35TH AVE,QUEENS,NY
91728,86-01/17,35TH AVE,QUEENS,NY
91735,87-01,35TH AVE,QUEENS,NY
91740,87-11,35TH AVE,QUEENS,NY
91743,88-01,35TH AVE,QUEENS,NY
91748,88-09,35TH AVE,QUEENS,NY
91778,90-11,35TH AVE,QUEENS,NY
91548,70-18/24,35TH AVE,QUEENS,NY
91556,71-02,35TH AVE,QUEENS,NY
91561,71-04,35TH AVE,QUEENS,NY
91566,71-06,35TH AVE,QUEENS,NY
91569,71-08,35TH AVE,QUEENS,NY
91573,71-10,35TH AVE,QUEENS,NY
91576,71-12,35TH AVE,QUEENS,NY
91580,71-14/26,35TH AVE,QUEENS,NY
91617,73-12,35TH AVE,QUEENS,NY
91613,73-12,35TH AVE,QUEENS,NY
91612,73-12,35TH AVE,QUEENS,NY
91616,73-12,35TH AVE,QUEENS,NY
91611,73-12,35TH AVE,QUEENS,NY
91615,73-12,35TH AVE,QUEENS,NY
91614,73-12,35TH AVE,QUEENS,NY
91618,73-12,35TH AVE,QUEENS,NY
91620,74-10,35TH AVE,QUEENS,NY
91624,75-08,35TH AVE,QUEENS,NY
91625,75-12,35TH AVE,QUEENS,NY
91630,76-02/10,35TH AVE,QUEENS,NY
91643,77-12,35TH AVE,QUEENS,NY
91651,78-12,35TH AVE,QUEENS,NY
91659,79-06,35TH AVE,QUEENS,NY
91661,79-10,35TH AVE,QUEENS,NY
91669,80-08,35TH AVE,QUEENS,NY
91678,81-02-10,35TH AVE,QUEENS,NY
91239,,AVE,QUEENS,NY
91703,83-10,35TH AVE,QUEENS,NY
91706,83-12,35TH AVE,QUEENS,NY
91719,84-12,35TH AVE,QUEENS,NY
91731,86-06,35TH AVE,QUEENS,NY
91746,88-02,35TH AVE,QUEENS,NY
91749,88-10,35TH AVE,QUEENS,NY
91762,89-10,35TH AVE,QUEENS,NY
91533,70-03,37TH AVE,QUEENS,NY
91536,70-07,37TH AVE,QUEENS,NY
91538,70-09,37TH AVE,QUEENS,NY
91540,70-11,37TH AVE,QUEENS,NY
91542,70-13,37TH AVE,QUEENS,NY
91546,70-17,37TH AVE,QUEENS,NY
91549,70-19,37TH AVE,QUEENS,NY
91564,71-05,37TH AVE,QUEENS,NY
91583,71-15,37TH AVE,QUEENS,NY
91599,72-15,37TH AVE,QUEENS,NY
91605,72-23-31,37TH AVE,QUEENS,NY
91610,73-05,37TH AVE,QUEENS,NY
91619,74-01/27,37TH AVE,QUEENS,NY
91622,75-01/23,37TH AVE,QUEENS,NY
91629,76-01/27,37TH AVE,QUEENS,NY
91637,77-01-19,37TH AVE,QUEENS,NY
91646,78-01-13,37TH AVE,QUEENS,NY
91652,78-15/31,37TH AVE,QUEENS,NY
91657,79-01-25,37TH AVE,QUEENS,NY
91667,80-01/27,37TH AVE,QUEENS,NY
91690,82-01/19,37TH AVE,QUEENS,NY
91697,83-01/13,37TH AVE,QUEENS,NY
91708,83-15/27,37TH AVE,QUEENS,NY
91713,84-01/09,37TH AVE,QUEENS,NY
91718,84-11/23,37TH AVE,QUEENS,NY
91726,85-15/25,37TH AVE,QUEENS,NY
91734,86-15,37TH AVE,QUEENS,NY
91741,87-15,37TH AVE,QUEENS,NY
91744,88-01/13,37TH AVE,QUEENS,NY
91751,88-15/31,37TH AVE,QUEENS,NY
91754,89-01/15,37TH AVE,QUEENS,NY
91771,89-19/31,37TH AVE,QUEENS,NY
91775,90-01/15,37TH AVE,QUEENS,NY
91557,71-02/14,37TH AVE,QUEENS,NY
91597,72-10,37TH AVE,QUEENS,NY
91601,72-16-30,37TH AVE,QUEENS,NY
91608,73-02/12,37TH AVE,QUEENS,NY
91240,37-01,77TH ST,QUEENS,NY
91658,79-02-28,37TH AVE,QUEENS,NY
91668,80-02/14,37TH AVE,QUEENS,NY
91672,80-16/28,37TH AVE,QUEENS,NY
91677,81-02,37TH AVE,QUEENS,NY
91679,81-04,37TH AVE,QUEENS,NY
91682,81-06,37TH AVE,QUEENS,NY
91683,81-08,37TH AVE,QUEENS,NY
91684,81-10,37TH AVE,QUEENS,NY
91693,82-08/10,37TH AVE,QUEENS,NY
91694,82-12/20,37TH AVE,QUEENS,NY
91704,83-10-12,37TH AVE,QUEENS,NY
91707,83-14/22,37TH AVE,QUEENS,NY
91715,84-02/30,37TH AVE,QUEENS,NY
91722,85-02/30,37TH AVE,QUEENS,NY
91730,86-02/20,37TH AVE,QUEENS,NY
91739,87-10,37TH AVE,QUEENS,NY
91747,88-02/28,37TH AVE,QUEENS,NY
91756,89-02/24,37TH AVE,QUEENS,NY
91776,90-02/14,37TH AVE,QUEENS,NY
91607,73-01-07,37TH RD,QUEENS,NY
91636,77-01,ROOSEVELT AVE,QUEENS,NY
91639,77-03,ROOSEVELT AVE,QUEENS,NY
91640,77-05,ROOSEVELT AVE,QUEENS,NY
91645,78-01/09,ROOSEVELT AVE,QUEENS,NY
91649,78-11/17,ROOSEVELT AVE,QUEENS,NY
91656,79-01-17,ROOSEVELT AVE,QUEENS,NY
91666,80-01/13,ROOSEVELT AVE,QUEENS,NY
91671,80-15,ROOSEVELT AVE,QUEENS,NY
91676,81-01/09,ROOSEVELT AVE,QUEENS,NY
91686,81-11,ROOSEVELT AVE,QUEENS,NY
91689,82-01/17,ROOSEVELT AVE,QUEENS,NY
91698,83-01/25,ROOSEVELT AVE,QUEENS,NY
91714,84-01/29,ROOSEVELT AVE,QUEENS,NY
91721,85-01/15,ROOSEVELT AVE,QUEENS,NY
91729,86-01/19,ROOSEVELT AVE,QUEENS,NY
91736,87-01/09,ROOSEVELT AVE,QUEENS,NY
91745,88-01/17,ROOSEVELT AVE,QUEENS,NY
91753,89-01/05,ROOSEVELT AVE,QUEENS,NY
91760,89-07/09,ROOSEVELT AVE,QUEENS,NY
91765,89-11,ROOSEVELT AVE,QUEENS,NY
91774,90-01,ROOSEVELT AVE,QUEENS,NY
91551,70-35,BROADWAY,QUEENS,NY
91552,70-53,BROADWAY,QUEENS,NY
91595,72-09,BROADWAY,QUEENS,NY
91606,72-35,BROADWAY,QUEENS,NY
90004,33-11,70TH ST,QUEENS,NY
90029,33-13,70TH ST,QUEENS,NY
90047,33-15,70TH ST,QUEENS,NY
90075,33-17,70TH ST,QUEENS,NY
90103,33-19,70TH ST,QUEENS,NY
90126,33-21,70TH ST,QUEENS,NY
90154,33-23,70TH ST,QUEENS,NY
90178,33-25,70TH ST,QUEENS,NY
90207,33-27,70TH ST,QUEENS,NY
90233,33-29,70TH ST,QUEENS,NY
90259,33-31,70TH ST,QUEENS,NY
90284,33-33,70TH ST,QUEENS,NY
90314,33-35,70TH ST,QUEENS,NY
90334,33-37,70TH ST,QUEENS,NY
90359,33-39,70TH ST,QUEENS,NY
90387,33-41,70TH ST,QUEENS,NY
90415,33-43,70TH ST,QUEENS,NY
90434,33-45,70TH ST,QUEENS,NY
90457,33-47,70TH ST,QUEENS,NY
91131,35-45,70TH ST,QUEENS,NY
91163,35-49,70TH ST,QUEENS,NY
91197,35-53,70TH ST,QUEENS,NY
91226,35-57,70TH ST,QUEENS,NY
90021,33-12,71ST ST,QUEENS,NY
90037,33-14,71ST ST,QUEENS,NY
90090,33-18,71ST ST,QUEENS,NY
90113,33-20,71ST ST,QUEENS,NY
90141,33-22,71ST ST,QUEENS,NY
90193,33-26,71ST ST,QUEENS,NY
90219,33-28,71ST ST,QUEENS,NY
90245,33-30,71ST ST,QUEENS,NY
90271,33-32,71ST ST,QUEENS,NY
90299,33-34,71ST ST,QUEENS,NY
90324,33-36,71ST ST,QUEENS,NY
90346,33-38,71ST ST,QUEENS,NY
90373,33-40,71ST ST,QUEENS,NY
90400,33-42,71ST ST,QUEENS,NY
90425,33-44,71ST ST,QUEENS,NY
90462,33-48,71ST ST,QUEENS,NY
90517,34-14,71ST ST,QUEENS,NY
90536,34-16,71ST ST,QUEENS,NY
90552,34-18,71ST ST,QUEENS,NY
90570,34-20,71ST ST,QUEENS,NY
90594,34-22,71ST ST,QUEENS,NY
90611,34-24,71ST ST,QUEENS,NY
90632,34-26,71ST ST,QUEENS,NY
90650,34-28,71ST ST,QUEENS,NY
90665,34-30,71ST ST,QUEENS,NY
90686,34-32,71ST ST,QUEENS,NY
90708,34-34,71ST ST,QUEENS,NY
90731,34-36,71ST ST,QUEENS,NY
90752,34-38,71ST ST,QUEENS,NY
90773,34-40,71ST ST,QUEENS,NY
90797,34-42,71ST ST,QUEENS,NY
90820,34-44,71ST ST,QUEENS,NY
90840,34-46,71ST ST,QUEENS,NY
90864,34-48,71ST ST,QUEENS,NY
90887,34-50,71ST ST,QUEENS,NY
91142,35-46,71ST ST,QUEENS,NY
91153,35-48,71ST ST,QUEENS,NY
91189,35-52,71ST ST,QUEENS,NY
91203,35-54,71ST ST,QUEENS,NY
91231,35-58,71ST ST,QUEENS,NY
90005,33-11,71ST ST,QUEENS,NY
90030,33-13,71ST ST,QUEENS,NY
90048,33-15,71ST ST,QUEENS,NY
90076,33-17,71ST ST,QUEENS,NY
90104,33-19,71ST ST,QUEENS,NY
90127,33-21,71ST ST,QUEENS,NY
90155,33-23,71ST ST,QUEENS,NY
90179,33-25,71ST ST,QUEENS,NY
90234,33-29,71ST ST,QUEENS,NY
90260,33-31,71ST ST,QUEENS,NY
90285,33-33,71ST ST,QUEENS,NY
90315,33-35,71ST ST,QUEENS,NY
90335,33-37,71ST ST,QUEENS,NY
90360,33-39,71ST ST,QUEENS,NY
90388,33-41,71ST ST,QUEENS,NY
90416,33-43,71ST ST,QUEENS,NY
90458,33-47,71ST ST,QUEENS,NY
90510,34-11,71ST ST,QUEENS,NY
90526,34-15,71ST ST,QUEENS,NY
90545,34-17,71ST ST,QUEENS,NY
90561,34-19,71ST ST,QUEENS,NY
90584,34-21,71ST ST,QUEENS,NY
90604,34-23,71ST ST,QUEENS,NY
90624,34-25,71ST ST,QUEENS,NY
90641,34-27,71ST ST,QUEENS,NY
90676,34-31,71ST ST,QUEENS,NY
90698,34-33,71ST ST,QUEENS,NY
90722,34-35,71ST ST,QUEENS,NY
90744,34-37,71ST ST,QUEENS,NY
90764,34-39,71ST ST,QUEENS,NY
90785,34-41,71ST ST,QUEENS,NY
90810,34-43,71ST ST,QUEENS,NY
90833,34-45,71ST ST,QUEENS,NY
90853,34-47,71ST ST,QUEENS,NY
90877,34-49,71ST ST,QUEENS,NY
90897,34-51,71ST ST,QUEENS,NY
91059,35-35,71ST ST,QUEENS,NY
91078,35-37,71ST ST,QUEENS,NY
91090,35-39,71ST ST,QUEENS,NY
91104,35-41,71ST ST,QUEENS,NY
91132,35-45,71ST ST,QUEENS,NY
91148,35-47,71ST ST,QUEENS,NY
91183,35-51,71ST ST,QUEENS,NY
91198,35-53,71ST ST,QUEENS,NY
91227,35-57,71ST ST,QUEENS,NY
90022,33-12,72ND ST,QUEENS,NY
90038,33-14,72ND ST,QUEENS,NY
90091,33-18,72ND ST,QUEENS,NY
90114,33-20,72ND ST,QUEENS,NY
90142,33-22,72ND ST,QUEENS,NY
90165,33-24,72ND ST,QUEENS,NY
90194,33-26,72ND ST,QUEENS,NY
90220,33-28,72ND ST,QUEENS,NY
90246,33-30,72ND ST,QUEENS,NY
90272,33-32,72ND ST,QUEENS,NY
90300,33-34,72ND ST,QUEENS,NY
90325,33-36,72ND ST,QUEENS,NY
90347,33-38,72ND ST,QUEENS,NY
90374,33-40,72ND ST,QUEENS,NY
90401,33-42,72ND ST,QUEENS,NY
90446,33-46,72ND ST,QUEENS,NY
90463,33-48,72ND ST,QUEENS,NY
90518,34-14,72ND ST,QUEENS,NY
90537,34-16,72ND ST,QUEENS,NY
90553,34-18,72ND ST,QUEENS,NY
90595,34-22,72ND ST,QUEENS,NY
90612,34-24,72ND ST,QUEENS,NY
90633,34-26,72ND ST,QUEENS,NY
90651,34-28,72ND ST,QUEENS,NY
90666,34-30,72ND ST,QUEENS,NY
90687,34-32,72ND ST,QUEENS,NY
90709,34-34,72ND ST,QUEENS,NY
90732,34-36,72ND ST,QUEENS,NY
90753,34-38,72ND ST,QUEENS,NY
90774,34-40,72ND ST,QUEENS,NY
90798,34-42,72ND ST,QUEENS,NY
90821,34-44,72ND ST,QUEENS,NY
90841,34-46,72ND ST,QUEENS,NY
90865,34-48,72ND ST,QUEENS,NY
90888,34-50,72ND ST,QUEENS,NY
90905,34-52,72ND ST,QUEENS,NY
90934,35-14,72ND ST,QUEENS,NY
90995,35-24,72ND ST,QUEENS,NY
91053,35-34,72ND ST,QUEENS,NY
91070,35-36,72ND ST,QUEENS,NY
91085,35-38,72ND ST,QUEENS,NY
91110,35-42,72ND ST,QUEENS,NY
91125,35-44,72ND ST,QUEENS,NY
91154,35-48,72ND ST,QUEENS,NY
91169,35-50,72ND ST,QUEENS,NY
91204,35-54,72ND ST,QUEENS,NY
91219,35-56,72ND ST,QUEENS,NY
91232,35-58,72ND ST,QUEENS,NY
91257,37-14,72ND ST,QUEENS,NY
91284,37-18,72ND ST,QUEENS,NY
90006,33-11,72ND ST,QUEENS,NY
90077,33-17,72ND ST,QUEENS,NY
90105,33-19,72ND ST,QUEENS,NY
90128,33-21,72ND ST,QUEENS,NY
90156,33-23,72ND ST,QUEENS,NY
90180,33-25,72ND ST,QUEENS,NY
90208,33-27,72ND ST,QUEENS,NY
90235,33-29,72ND ST,QUEENS,NY
90261,33-31,72ND ST,QUEENS,NY
90286,33-33,72ND ST,QUEENS,NY
90336,33-37,72ND ST,QUEENS,NY
90361,33-39,72ND ST,QUEENS,NY
90389,33-41,72ND ST,QUEENS,NY
90417,33-43,72ND ST,QUEENS,NY
90435,33-45,72ND ST,QUEENS,NY
90514,34-13,72ND ST,QUEENS,NY
90527,34-15,72ND ST,QUEENS,NY
90546,34-17,72ND ST,QUEENS,NY
90562,34-19,72ND ST,QUEENS,NY
90585,34-21,72ND ST,QUEENS,NY
90605,34-23,72ND ST,QUEENS,NY
90625,34-25,72ND ST,QUEENS,NY
90642,34-27,72ND ST,QUEENS,NY
90660,34-29,72ND ST,QUEENS,NY
90677,34-31,72ND ST,QUEENS,NY
90699,34-33,72ND ST,QUEENS,NY
90723,34-35,72ND ST,QUEENS,NY
90745,34-37,72ND ST,QUEENS,NY
90765,34-39,72ND ST,QUEENS,NY
90786,34-41,72ND ST,QUEENS,NY
90811,34-43,72ND ST,QUEENS,NY
90834,34-45,72ND ST,QUEENS,NY
90854,34-47,72ND ST,QUEENS,NY
90878,34-49,72ND ST,QUEENS,NY
90922,35-05,72ND ST,QUEENS,NY
90931,35-11-15,72ND ST,QUEENS,NY
90971,35-19/21,72ND ST,QUEENS,NY
90994,35-23/27,72ND ST,QUEENS,NY
91030,35-29/33,72ND ST,QUEENS,NY
91060,35-35,72ND ST,QUEENS,NY
91079,35-37,72ND ST,QUEENS,NY
91105,35-41,72ND ST,QUEENS,NY
91116,35-43,72ND ST,QUEENS,NY
91149,35-47,72ND ST,QUEENS,NY
91164,35-49,72ND ST,QUEENS,NY
91199,35-53,72ND ST,QUEENS,NY
91228,35-57,72ND ST,QUEENS,NY
91264,37-15,72ND ST,QUEENS,NY
90092,33-18,73RD ST,QUEENS,NY
90115,33-20,73RD ST,QUEENS,NY
90143,33-22,73RD ST,QUEENS,NY
90166,33-24,73RD ST,QUEENS,NY
90195,33-26,73RD ST,QUEENS,NY
90221,33-28,73RD ST,QUEENS,NY
90247,33-30,73RD ST,QUEENS,NY
90273,33-32,73RD ST,QUEENS,NY
90301,33-34,73RD ST,QUEENS,NY
90326,33-36,73RD ST,QUEENS,NY
90348,33-38,73RD ST,QUEENS,NY
90375,33-40,73RD ST,QUEENS,NY
90402,33-42,73RD ST,QUEENS,NY
90447,33-46,73RD ST,QUEENS,NY
90519,34-14,73RD ST,QUEENS,NY
90538,34-16,73RD ST,QUEENS,NY
90554,34-18,73RD ST,QUEENS,NY
90571,34-20,73RD ST,QUEENS,NY
90596,34-22,73RD ST,QUEENS,NY
90613,34-24,73RD ST,QUEENS,NY
90634,34-26,73RD ST,QUEENS,NY
90652,34-28,73RD ST,QUEENS,NY
90667,34-30,73RD ST,QUEENS,NY
90688,34-32,73RD ST,QUEENS,NY
90710,34-34,73RD ST,QUEENS,NY
90733,34-36,73RD ST,QUEENS,NY
90754,34-38,73RD ST,QUEENS,NY
90775,34-40,73RD ST,QUEENS,NY
90799,34-42,73RD ST,QUEENS,NY
90822,34-44,73RD ST,QUEENS,NY
90842,34-46,73RD ST,QUEENS,NY
90866,34-48,73RD ST,QUEENS,NY
90889,34-50,73RD ST,QUEENS,NY
90906,34-52,73RD ST,QUEENS,NY
90916,34-56,73RD ST,QUEENS,NY
90924,35-06,73RD ST,QUEENS,NY
90972,35-20,73RD ST,QUEENS,NY
91031,35-30,73RD ST,QUEENS,NY
91111,35-42,73RD ST,QUEENS,NY
91155,35-48,73RD ST,QUEENS,NY
91162,35-48B,73RD ST,QUEENS,NY
91170,35-50,73RD ST,QUEENS,NY
91182,35-50D,73RD ST,QUEENS,NY
91190,35-52,73RD ST,QUEENS,NY
91196,35-52F,73RD ST,QUEENS,NY
91205,35-54,73RD ST,QUEENS,NY
91234,35-60,73RD ST,QUEENS,NY
91258,37-14,73RD ST,QUEENS,NY
91285,37-18,73RD ST,QUEENS,NY
91313,37-22,73RD ST,QUEENS,NY
91395,37-38,73RD ST,QUEENS,NY
91418,37-42,73RD ST,QUEENS,NY
90007,33-11,73RD ST,QUEENS,NY
90031,33-13,73RD ST,QUEENS,NY
90049,33-15,73RD ST,QUEENS,NY
90078,33-17,73RD ST,QUEENS,NY
90106,33-19,73RD ST,QUEENS,NY
90129,33-21,73RD ST,QUEENS,NY
90157,33-23,73RD ST,QUEENS,NY
90181,33-25,73RD ST,QUEENS,NY
90236,33-29,73RD ST,QUEENS,NY
90262,33-31,73RD ST,QUEENS,NY
90287,33-33,73RD ST,QUEENS,NY
90316,33-35,73RD ST,QUEENS,NY
90337,33-37,73RD ST,QUEENS,NY
90362,33-39,73RD ST,QUEENS,NY
90390,33-41,73RD ST,QUEENS,NY
90436,33-45,73RD ST,QUEENS,NY
90917,34-57,73RD ST,QUEENS,NY
91213,35-55,73RD ST,QUEENS,NY
91359,37-31,73RD ST,QUEENS,NY
90023,33-12,74TH ST,QUEENS,NY
90039,33-14,74TH ST,QUEENS,NY
90062,33-16,74TH ST,QUEENS,NY
90093,33-18,74TH ST,QUEENS,NY
90116,33-20,74TH ST,QUEENS,NY
90144,33-22,74TH ST,QUEENS,NY
90167,33-24,74TH ST,QUEENS,NY
90196,33-26,74TH ST,QUEENS,NY
90222,33-28,74TH ST,QUEENS,NY
90248,33-30,74TH ST,QUEENS,NY
90274,33-32,74TH ST,QUEENS,NY
90302,33-34,74TH ST,QUEENS,NY
90327,33-36,74TH ST,QUEENS,NY
90349,33-38,74TH ST,QUEENS,NY
90376,33-40,74TH ST,QUEENS,NY
90403,33-42,74TH ST,QUEENS,NY
90426,33-44,74TH ST,QUEENS,NY
90448,33-46,74TH ST,QUEENS,NY
90469,33-50,74TH ST,QUEENS,NY
90483,33-54,74TH ST,QUEENS,NY
90572,34-20,74TH ST,QUEENS,NY
90689,34-32,74TH ST,QUEENS,NY
90711,34-34,74TH ST,QUEENS,NY
90734,34-36,74TH ST,QUEENS,NY
90755,34-38,74TH ST,QUEENS,NY
90776,34-40,74TH ST,QUEENS,NY
90800,34-42,74TH ST,QUEENS,NY
90843,34-46,74TH ST,QUEENS,NY
90867,34-48,74TH ST,QUEENS,NY
90890,34-50,74TH ST,QUEENS,NY
90907,34-52,74TH ST,QUEENS,NY
90919,34-58,74TH ST,QUEENS,NY
91097,35-40,74TH ST,QUEENS,NY
91235,35-60,74TH ST,QUEENS,NY
90008,33-11,74TH ST,QUEENS,NY
90018,33-11A,74TH ST,QUEENS,NY
90050,33-15,74TH ST,QUEENS,NY
90079,33-17,74TH ST,QUEENS,NY
90107,33-19,74TH ST,QUEENS,NY
90130,33-21,74TH ST,QUEENS,NY
90158,33-23,74TH ST,QUEENS,NY
90182,33-25,74TH ST,QUEENS,NY
90209,33-27,74TH ST,QUEENS,NY
90237,33-29,74TH ST,QUEENS,NY
90263,33-31,74TH ST,QUEENS,NY
90288,33-33,74TH ST,QUEENS,NY
90317,33-35,74TH ST,QUEENS,NY
90338,33-37,74TH ST,QUEENS,NY
90363,33-39,74TH ST,QUEENS,NY
90391,33-41,74TH ST,QUEENS,NY
90418,33-43,74TH ST,QUEENS,NY
90437,33-45,74TH ST,QUEENS,NY
90459,33-47,74TH ST,QUEENS,NY
90466,33-49,74TH ST,QUEENS,NY
90487,33-55,74TH ST,QUEENS,NY
90528,34-15,74TH ST,QUEENS,NY
90643,34-27,74TH ST,QUEENS,NY
90724,34-35,74TH ST,QUEENS,NY
90746,34-37,74TH ST,QUEENS,NY
90787,34-41,74TH ST,QUEENS,NY
90812,34-43,74TH ST,QUEENS,NY
90835,34-45,74TH ST,QUEENS,NY
90879,34-49,74TH ST,QUEENS,NY
90898,34-51,74TH ST,QUEENS,NY
90002,33-10,75TH ST,QUEENS,NY
90040,33-14,75TH ST,QUEENS,NY
90063,33-16,75TH ST,QUEENS,NY
90094,33-18,75TH ST,QUEENS,NY
90117,33-20,75TH ST,QUEENS,NY
90145,33-22,75TH ST,QUEENS,NY
90168,33-24,75TH ST,QUEENS,NY
90197,33-26,75TH ST,QUEENS,NY
90223,33-28,75TH ST,QUEENS,NY
90249,33-30,75TH ST,QUEENS,NY
90275,33-32,75TH ST,QUEENS,NY
90303,33-34,75TH ST,QUEENS,NY
90328,33-36,75TH ST,QUEENS,NY
90350,33-38,75TH ST,QUEENS,NY
90377,33-40,75TH ST,QUEENS,NY
90404,33-42,75TH ST,QUEENS,NY
90427,33-44,75TH ST,QUEENS,NY
90449,33-46,75TH ST,QUEENS,NY
90464,33-48,75TH ST,QUEENS,NY
90470,33-50,75TH ST,QUEENS,NY
90475,33-52,75TH ST,QUEENS,NY
90484,33-54,75TH ST,QUEENS,NY
90489,33-56,75TH ST,QUEENS,NY
90492,33-58,75TH ST,QUEENS,NY
90507,34-10,75TH ST,QUEENS,NY
90573,34-20,75TH ST,QUEENS,NY
90614,34-24,75TH ST,QUEENS,NY
90635,34-26,75TH ST,QUEENS,NY
90668,34-30,75TH ST,QUEENS,NY
90690,34-32,75TH ST,QUEENS,NY
90712,34-34,75TH ST,QUEENS,NY
90735,34-36,75TH ST,QUEENS,NY
90756,34-38,75TH ST,QUEENS,NY
90801,34-42,75TH ST,QUEENS,NY
90823,34-44,75TH ST,QUEENS,NY
90844,34-46,75TH ST,QUEENS,NY
90868,34-48,75TH ST,QUEENS,NY
90908,34-52,75TH ST,QUEENS,NY
91086,35-38,75TH ST,QUEENS,NY
91098,35-40,75TH ST,QUEENS,NY
91126,35-44,75TH ST,QUEENS,NY
91156,35-48,75TH ST,QUEENS,NY
91171,35-50,75TH ST,QUEENS,NY
91627,,ST,QUEENS,NY
90009,33-11,75TH ST,QUEENS,NY
90032,33-13,75TH ST,QUEENS,NY
90051,33-15,75TH ST,QUEENS,NY
90080,33-17,75TH ST,QUEENS,NY
90108,33-19,75TH ST,QUEENS,NY
90131,33-21,75TH ST,QUEENS,NY
90159,33-23,75TH ST,QUEENS,NY
90183,33-25,75TH ST,QUEENS,NY
90210,33-27,75TH ST,QUEENS,NY
90238,33-29,75TH ST,QUEENS,NY
90264,33-31,75TH ST,QUEENS,NY
90289,33-33,75TH ST,QUEENS,NY
90318,33-35,75TH ST,QUEENS,NY
90339,33-37,75TH ST,QUEENS,NY
90364,33-39,75TH ST,QUEENS,NY
90392,33-41,75TH ST,QUEENS,NY
90419,33-43,75TH ST,QUEENS,NY
90438,33-45,75TH ST,QUEENS,NY
90460,33-47,75TH ST,QUEENS,NY
90467,33-49,75TH ST,QUEENS,NY
90472,33-51,75TH ST,QUEENS,NY
90480,33-53,75TH ST,QUEENS,NY
90488,33-55,75TH ST,QUEENS,NY
90491,33-57,75TH ST,QUEENS,NY
90494,34-01,75TH ST,QUEENS,NY
90496,34-03,75TH ST,QUEENS,NY
90498,34-05,75TH ST,QUEENS,NY
90503,34-07,75TH ST,QUEENS,NY
90505,34-09,75TH ST,QUEENS,NY
90511,34-11,75TH ST,QUEENS,NY
90529,34-15,75TH ST,QUEENS,NY
90547,34-17,75TH ST,QUEENS,NY
90563,34-19,75TH ST,QUEENS,NY
90586,34-21,75TH ST,QUEENS,NY
90626,34-25,75TH ST,QUEENS,NY
90644,34-27,75TH ST,QUEENS,NY
90678,34-31,75TH ST,QUEENS,NY
90700,34-33,75TH ST,QUEENS,NY
90747,34-37,75TH ST,QUEENS,NY
90766,34-39,75TH ST,QUEENS,NY
90788,34-41,75TH ST,QUEENS,NY
90813,34-43,75TH ST,QUEENS,NY
90855,34-47,75TH ST,QUEENS,NY
90880,34-49,75TH ST,QUEENS,NY
90899,34-51,75TH ST,QUEENS,NY
90939,35-15,75TH ST,QUEENS,NY
91061,35-35,75TH ST,QUEENS,NY
91628,,ST,QUEENS,NY
90024,33-12,76TH ST,QUEENS,NY
90041,33-14,76TH ST,QUEENS,NY
90064,33-16,76TH ST,QUEENS,NY
90095,33-18,76TH ST,QUEENS,NY
90118,33-20,76TH ST,QUEENS,NY
90146,33-22,76TH ST,QUEENS,NY
90169,33-24,76TH ST,QUEENS,NY
90198,33-26,76TH ST,QUEENS,NY
90224,33-28,76TH ST,QUEENS,NY
90250,33-30,76TH ST,QUEENS,NY
90276,33-32,76TH ST,QUEENS,NY
90304,33-34,76TH ST,QUEENS,NY
90329,33-36,76TH ST,QUEENS,NY
90351,33-38,76TH ST,QUEENS,NY
90378,33-40,76TH ST,QUEENS,NY
90405,33-42,76TH ST,QUEENS,NY
90428,33-44,76TH ST,QUEENS,NY
90450,33-46,76TH ST,QUEENS,NY
90465,33-48,76TH ST,QUEENS,NY
90471,33-50,76TH ST,QUEENS,NY
90476,33-52,76TH ST,QUEENS,NY
90485,33-54,76TH ST,QUEENS,NY
90490,33-56,76TH ST,QUEENS,NY
90493,33-58,76TH ST,QUEENS,NY
90495,34-02,76TH ST,QUEENS,NY
90497,34-04,76TH ST,QUEENS,NY
90499,34-06,76TH ST,QUEENS,NY
90504,34-08,76TH ST,QUEENS,NY
90508,34-10,76TH ST,QUEENS,NY
90513,34-12,76TH ST,QUEENS,NY
90539,34-16,76TH ST,QUEENS,NY
90555,34-18,76TH ST,QUEENS,NY
90574,34-20,76TH ST,QUEENS,NY
90597,34-22,76TH ST,QUEENS,NY
90615,34-24,76TH ST,QUEENS,NY
90636,34-26,76TH ST,QUEENS,NY
90653,34-28,76TH ST,QUEENS,NY
90691,34-32,76TH ST,QUEENS,NY
90713,34-34,76TH ST,QUEENS,NY
90736,34-36,76TH ST,QUEENS,NY
90777,34-40,76TH ST,QUEENS,NY
90802,34-42,76TH ST,QUEENS,NY
90824,34-44,76TH ST,QUEENS,NY
90845,34-46,76TH ST,QUEENS,NY
90869,34-48,76TH ST,QUEENS,NY
90909,34-52,76TH ST,QUEENS,NY
90949,35-16,76TH ST,QUEENS,NY
91071,35-36,76TH ST,QUEENS,NY
90184,33-25,76TH ST,QUEENS,NY
90319,33-35,76TH ST,QUEENS,NY
90725,34-35,76TH ST,QUEENS,NY
90932,35-13,76TH ST,QUEENS,NY
90965,35-19,76TH ST,QUEENS,NY
91011,35-27,76TH ST,QUEENS,NY
91047,35-33,76TH ST,QUEENS,NY
91106,35-41,76TH ST,QUEENS,NY
91165,35-49,76TH ST,QUEENS,NY
91214,35-55,76TH ST,QUEENS,NY
90935,35-14,77TH ST,QUEENS,NY
90973,35-20,77TH ST,QUEENS,NY
91019,35-28,77TH ST,QUEENS,NY
91054,35-34,77TH ST,QUEENS,NY
91112,35-42,77TH ST,QUEENS,NY
91172,35-50,77TH ST,QUEENS,NY
91220,35-56,77TH ST,QUEENS,NY
91634,,ST,QUEENS,NY
90170,33-24,77TH ST,QUEENS,NY
90305,33-34,77TH ST,QUEENS,NY
90616,34-24,77TH ST,QUEENS,NY
90714,34-34,77TH ST,QUEENS,NY
90825,34-44,77TH ST,QUEENS,NY
90010,33-11,77TH ST,QUEENS,NY
90011,33-11,77TH ST,QUEENS,NY
90587,34-21,77TH ST,QUEENS,NY
90789,34-41,77TH ST,QUEENS,NY
91000,35-25,77TH ST,QUEENS,NY
91200,35-53,77TH ST,QUEENS,NY
91360,37-31,77TH ST,QUEENS,NY
91370,37-33,77TH ST,QUEENS,NY
91390,37-37,77TH ST,QUEENS,NY
91400,37-39,77TH ST,QUEENS,NY
91410,37-41,77TH ST,QUEENS,NY
91425,37-43,77TH ST,QUEENS,NY
91436,37-45,77TH ST,QUEENS,NY
91494,37-55,77TH ST,QUEENS,NY
90575,34-20,78TH ST,QUEENS,NY
90669,34-30,78TH ST,QUEENS,NY
90778,34-40,78TH ST,QUEENS,NY
91005,35-26,78TH ST,QUEENS,NY
91173,35-50,78TH ST,QUEENS,NY
91365,37-32,78TH ST,QUEENS,NY
91376,37-34,78TH ST,QUEENS,NY
91396,37-38,78TH ST,QUEENS,NY
91406,37-40,78TH ST,QUEENS,NY
91419,37-42,78TH ST,QUEENS,NY
91432,37-44,78TH ST,QUEENS,NY
91451,37-48,78TH ST,QUEENS,NY
91461,37-50,78TH ST,QUEENS,NY
91478,37-52,78TH ST,QUEENS,NY
91489,37-54,78TH ST,QUEENS,NY
91514,37-58,78TH ST,QUEENS,NY
91523,37-60,78TH ST,QUEENS,NY
90588,34-21,78TH ST,QUEENS,NY
90790,34-41,78TH ST,QUEENS,NY
90576,34-20,79TH ST,Queens,NY
90779,34-40,79TH ST,QUEENS,NY
91650,78-12,34TH AVE,QUEENS,NY
91648,78-11,35TH AVENUE 11372,Queens,NY
91653,,ST,QUEENS,NY
90940,35-15,78TH ST,QUEENS,NY
91001,35-25,78TH ST,QUEENS,NY
91037,35-31,78TH ST,QUEENS,NY
91080,35-37,78TH ST,QUEENS,NY
91133,35-45,78TH ST,QUEENS,NY
91215,35-55,78TH ST,QUEENS,NY
90950,35-16,79TH ST,QUEENS,NY
91006,35-26,79TH ST,QUEENS,NY
91072,35-36,79TH ST,QUEENS,NY
91143,35-46,79TH ST,QUEENS,NY
91221,35-56,79TH ST,QUEENS,NY
91654,,ST,QUEENS,NY
91244,37-11,78TH ST,QUEENS,NY
91266,37-15,78TH ST,QUEENS,NY
91279,37-17,78TH ST,QUEENS,NY
91292,37-19,78TH ST,QUEENS,NY
91305,37-21,78TH ST,QUEENS,NY
91321,37-23,78TH ST,QUEENS,NY
91328,37-25,78TH ST,QUEENS,NY
91337,37-27,78TH ST,QUEENS,NY
91353,37-29,78TH ST,QUEENS,NY
91361,37-31,78TH ST,QUEENS,NY
91371,37-33,78TH ST,QUEENS,NY
91381,37-35,78TH ST,QUEENS,NY
91391,37-37,78TH ST,QUEENS,NY
91401,37-39,78TH ST,QUEENS,NY
91411,37-41,78TH ST,QUEENS,NY
91426,37-43,78TH ST,QUEENS,NY
91437,37-45,78TH ST,QUEENS,NY
91447,37-47,78TH ST,QUEENS,NY
91455,37-49,78TH ST,QUEENS,NY
91470,37-51,78TH ST,QUEENS,NY
91485,37-53,78TH ST,QUEENS,NY
91495,37-55,78TH ST,QUEENS,NY
91507,37-57,78TH ST,QUEENS,NY
90065,33-16,79TH ST,QUEENS,NY
91259,37-14,79TH ST,QUEENS,NY
91274,37-16,79TH ST,QUEENS,NY
91286,37-18,79TH ST,QUEENS,NY
91298,37-20,79TH ST,QUEENS,NY
91314,37-22,79TH ST,QUEENS,NY
91324,37-24,79TH ST,QUEENS,NY
91333,37-26,79TH ST,QUEENS,NY
91346,37-28,79TH ST,QUEENS,NY
91356,37-30,79TH ST,QUEENS,NY
91366,37-32,79TH ST,QUEENS,NY
91377,37-34,79TH ST,QUEENS,NY
91385,37-36,79TH ST,QUEENS,NY
91397,37-38,79TH ST,QUEENS,NY
91407,37-40,79TH ST,QUEENS,NY
91420,37-42,79TH ST,QUEENS,NY
91433,37-44,79TH ST,QUEENS,NY
91441,37-46,79TH ST,QUEENS,NY
91452,37-48,79TH ST,QUEENS,NY
91462,37-50,79TH ST,QUEENS,NY
91479,37-52,79TH ST,QUEENS,NY
91490,37-54,79TH ST,QUEENS,NY
91501,37-56,79TH ST,QUEENS,NY
91515,37-58,79TH ST,QUEENS,NY
90290,33-33,79TH ST,QUEENS,NY
90645,34-27,79TH ST,QUEENS,NY
90701,34-33,79TH ST,QUEENS,NY
90791,34-41,79TH ST,QUEENS,NY
90881,34-49,79TH ST,QUEENS,NY
90654,34-28,80TH ST,QUEENS,NY
90715,34-34,80TH ST,QUEENS,NY
90803,34-42,80TH ST,QUEENS,NY
90891,34-50,80TH ST,QUEENS,NY
91664,,ST,QUEENS,NY
91412,37-41,79TH ST,QUEENS,NY
91438,37-45,79TH ST,QUEENS,NY
91421,37-42,80TH ST,QUEENS,NY
91442,37-46,80TH ST,QUEENS,NY
91471,37-51,79TH ST,QUEENS,NY
91496,37-55,79TH ST,QUEENS,NY
91480,37-52,80TH ST,QUEENS,NY
91502,37-56,80TH ST,QUEENS,NY
90978,35-21,79TH ST,QUEENS,NY
91134,35-45,79TH ST,QUEENS,NY
91267,37-15,79TH ST,QUEENS,NY
91306,37-21,79TH ST,QUEENS,NY
91338,37-27,79TH ST,QUEENS,NY
91362,37-31,79TH ST,QUEENS,NY
91275,37-16,80TH ST,QUEENS,NY
91315,37-22,80TH ST,QUEENS,NY
91347,37-28,80TH ST,QUEENS,NY
91367,37-32,80TH ST,QUEENS,NY
91665,,ST,QUEENS,NY
91663,,ST,QUEENS,NY
90951,35-16,80TH ST,QUEENS,NY
90984,35-22,80TH ST,QUEENS,NY
91020,35-28,80TH ST,QUEENS,NY
91073,35-36,80TH ST,QUEENS,NY
91113,35-42,80TH ST,QUEENS,NY
91157,35-48,80TH ST,QUEENS,NY
91206,35-54,80TH ST,QUEENS,NY
91673,,ST,QUEENS,NY
90052,33-15,80TH ST,QUEENS,NY
90211,33-27,80TH ST,QUEENS,NY
90365,33-39,80TH ST,QUEENS,NY
90473,33-51,80TH ST,QUEENS,NY
90066,33-16,81ST ST,QUEENS,NY
90225,33-28,81ST ST,QUEENS,NY
90379,33-40,81ST ST,QUEENS,NY
90477,33-52,81ST ST,QUEENS,NY
91674,,ST,QUEENS,NY
90515,34-13,80TH ST,QUEENS,NY
90589,34-21,80TH ST,QUEENS,NY
90661,34-29,80TH ST,QUEENS,NY
90679,34-31,80TH ST,QUEENS,NY
90748,34-37,80TH ST,QUEENS,NY
90856,34-47,80TH ST,QUEENS,NY
90500,34-06,81ST ST,QUEENS,NY
90520,34-14,81ST ST,QUEENS,NY
90598,34-22,81ST ST,QUEENS,NY
90670,34-30,81ST ST,QUEENS,NY
90757,34-38,81ST ST,QUEENS,NY
90870,34-48,81ST ST,QUEENS,NY
91773,8OTH,ST,QUEENS,NY
90941,35-15,80TH ST,QUEENS,NY
90979,35-21,80TH ST,QUEENS,NY
91025,35-29,80TH ST,QUEENS,NY
91062,35-35,80TH ST,QUEENS,NY
91117,35-43,80TH ST,QUEENS,NY
91166,35-49,80TH ST,QUEENS,NY
91216,35-55,80TH ST,QUEENS,NY
91675,,ST,QUEENS,NY
91307,37-21,80TH ST,QUEENS,NY
91372,37-33,80TH ST,QUEENS,NY
91427,37-43,80TH ST,QUEENS,NY
91472,37-51,80TH ST,QUEENS,NY
91508,37-57,80TH ST,QUEENS,NY
91032,35-30,81ST ST,QUEENS,NY
91174,35-50,81ST ST,QUEENS,NY
91299,37-20,81ST ST,QUEENS,NY
91357,37-30,81ST ST,QUEENS,NY
91408,37-40,81ST ST,QUEENS,NY
91443,37-46,81ST ST,QUEENS,NY
91463,37-50,81ST ST,QUEENS,NY
91491,37-54,81ST ST,QUEENS,NY
91516,37-58,81ST ST,QUEENS,NY
90053,33-15,81ST ST,QUEENS,NY
90185,33-25,81ST ST,QUEENS,NY
90320,33-35,81ST ST,QUEENS,NY
90680,34-31,81ST ST,QUEENS,NY
90980,35-21,81ST ST,QUEENS,NY
91012,35-27,81ST ST,QUEENS,NY
91135,35-45,81ST ST,QUEENS,NY
91184,35-51,81ST ST,QUEENS,NY
91233,35-59,81ST ST,QUEENS,NY
91268,37-15,81ST ST,QUEENS,NY
91329,37-25,81ST ST,QUEENS,NY
91413,37-41,81ST ST,QUEENS,NY
91497,37-55,81ST ST,QUEENS,NY
91509,37-57,81ST ST,QUEENS,NY
91520,37-59,81ST ST,QUEENS,NY
91528,37-61,81ST ST,QUEENS,NY
91529,37-63,81ST ST,QUEENS,NY
90067,33-16,82ND ST,QUEENS,NY
90199,33-26,82ND ST,QUEENS,NY
90501,34-06,82ND ST,QUEENS,NY
90617,34-24,82ND ST,QUEENS,NY
90826,34-44,82ND ST,QUEENS,NY
90952,35-16,82ND ST,QUEENS,NY
90974,35-20,82ND ST,QUEENS,NY
91007,35-26,82ND ST,QUEENS,NY
91033,35-30,82ND ST,QUEENS,NY
91099,35-40,82ND ST,QUEENS,NY
91175,35-50,82ND ST,QUEENS,NY
91242,37-02-08,82ND ST,QUEENS,NY
91255,37-12-32,82ND ST,QUEENS,NY
91434,37-44,82ND ST,QUEENS,NY
91446,37-46-50,82ND ST,QUEENS,NY
91484,37-52-58,82ND ST,QUEENS,NY
91524,37-60,82ND ST,QUEENS,NY
91530,37-66,82ND ST,QUEENS,NY
90001,33-05,82ND ST,QUEENS,NY
90012,33-11,82ND ST,QUEENS,NY
90081,33-17,82ND ST,QUEENS,NY
90132,33-21,82ND ST,QUEENS,NY
90291,33-33,82ND ST,QUEENS,NY
90481,33-53,82ND ST,QUEENS,NY
90486,33-54,83RD ST,QUEENS,NY
90627,34-25,82ND ST,QUEENS,NY
90918,34-57,82ND ST,QUEENS,NY
91063,35-35,82ND ST,QUEENS,NY
91136,35-45,82ND ST,QUEENS,NY
91185,35-51,82ND ST,QUEENS,NY
91241,37-01-07,82ND ST,QUEENS,NY
90681,34-31,82ND ST,QUEENS,NY
90726,34-35,82ND ST,QUEENS,NY
90767,34-39,82ND ST,QUEENS,NY
90814,34-43,82ND ST,QUEENS,NY
90857,34-47,82ND ST,QUEENS,NY
90900,34-51,82ND ST,QUEENS,NY
91250,37-11-39,82ND ST,QUEENS,NY
91414,37-41,82ND ST,QUEENS,NY
91448,37-47,82ND ST,QUEENS,NY
91456,37-49,82ND ST,QUEENS,NY
91473,37-51,82ND ST,QUEENS,NY
91486,37-53,82ND ST,QUEENS,NY
91498,37-55,82ND ST,QUEENS,NY
91510,37-57,82ND ST,QUEENS,NY
91521,37-59,82ND ST,QUEENS,NY
90096,33-18,83RD ST,QUEENS,NY
90119,33-20,83RD ST,QUEENS,NY
90147,33-22,83RD ST,QUEENS,NY
90171,33-24,83RD ST,QUEENS,NY
90200,33-26,83RD ST,QUEENS,NY
90226,33-28,83RD ST,QUEENS,NY
90251,33-30,83RD ST,QUEENS,NY
90277,33-32,83RD ST,QUEENS,NY
90306,33-34,83RD ST,QUEENS,NY
90352,33-38,83RD ST,QUEENS,NY
90380,33-40,83RD ST,QUEENS,NY
90406,33-42,83RD ST,QUEENS,NY
90429,33-44,83RD ST,QUEENS,NY
90577,34-20,83RD ST,QUEENS,NY
90692,34-32,83RD ST,QUEENS,NY
90716,34-34,83RD ST,QUEENS,NY
90737,34-36,83RD ST,QUEENS,NY
90758,34-38,83RD ST,QUEENS,NY
90780,34-40,83RD ST,QUEENS,NY
90804,34-42,83RD ST,QUEENS,NY
90827,34-44,83RD ST,QUEENS,NY
90846,34-46,83RD ST,QUEENS,NY
90871,34-48,83RD ST,QUEENS,NY
90892,34-50,83RD ST,QUEENS,NY
91100,35-40,83RD ST,QUEENS,NY
91207,35-54,83RD ST,QUEENS,NY
91276,37-16,83RD ST,QUEENS,NY
91300,37-20,83RD ST,QUEENS,NY
91464,37-50,83RD ST,QUEENS,NY
91444,37-46,83RD ST,QUEENS,NY
91453,37-48,83RD ST,QUEENS,NY
91465,37-50,83RD ST,QUEENS,NY
91481,37-52,83RD ST,QUEENS,NY
91492,37-54,83RD ST,QUEENS,NY
91503,37-56,83RD ST,QUEENS,NY
91517,37-58,83RD ST,QUEENS,NY
91525,37-60,83RD ST,QUEENS,NY
90082,33-17,83RD ST,QUEENS,NY
90133,33-21,83RD ST,QUEENS,NY
90186,33-25,83RD ST,QUEENS,NY
90212,33-27,83RD ST,QUEENS,NY
90292,33-33,83RD ST,QUEENS,NY
90340,33-37,83RD ST,QUEENS,NY
90393,33-41,83RD ST,QUEENS,NY
90420,33-43,83RD ST,QUEENS,NY
90468,33-49,83RD ST,QUEENS,NY
90506,34-09,83RD ST,QUEENS,NY
90509,34-10,84TH ST,QUEENS,NY
90530,34-15,83RD ST,QUEENS,NY
90564,34-19,83RD ST,QUEENS,NY
90590,34-21,83RD ST,QUEENS,NY
90606,34-23,83RD ST,QUEENS,NY
90628,34-25,83RD ST,QUEENS,NY
90662,34-29,83RD ST,QUEENS,NY
90682,34-31,83RD ST,QUEENS,NY
90702,34-33,83RD ST,QUEENS,NY
90727,34-35,83RD ST,QUEENS,NY
90749,34-37,83RD ST,QUEENS,NY
90792,34-41,83RD ST,QUEENS,NY
90815,34-43,83RD ST,QUEENS,NY
90836,34-45,83RD ST,QUEENS,NY
90858,34-47,83RD ST,QUEENS,NY
90901,34-51,83RD ST,QUEENS,NY
91048,35-33,83RD ST,QUEENS,NY
91711,,ST,QUEENS,NY
91167,35-49,83RD ST,QUEENS,NY
91269,37-15,83RD ST,QUEENS,NY
91293,37-19,83RD ST,QUEENS,NY
91322,37-23,83RD ST,QUEENS,NY
91373,37-33,83RD ST,QUEENS,NY
91392,37-37,83RD ST,QUEENS,NY
91415,37-41,83RD ST,QUEENS,NY
91457,37-49,83RD ST,QUEENS,NY
91487,37-53,83RD ST,QUEENS,NY
91511,37-57,83RD ST,QUEENS,NY
91712,,ST,QUEENS,NY
90045,33-14-16,84TH ST,QUEENS,NY
90101,33-18-20,84TH ST,QUEENS,NY
90152,33-22-24,84TH ST,QUEENS,NY
90205,33-26-28,84TH ST,QUEENS,NY
90257,33-30/32,84TH ST,QUEENS,NY
90312,33-34/36,84TH ST,QUEENS,NY
90357,33-38/40,84TH ST,QUEENS,NY
90413,33-42/44,84TH ST,QUEENS,NY
90456,33-46-48,84TH ST,QUEENS,NY
90540,34-16,84TH ST,QUEENS,NY
90578,34-20,84TH ST,QUEENS,NY
90599,34-22,84TH ST,QUEENS,NY
90618,34-24,84TH ST,QUEENS,NY
90637,34-26,84TH ST,QUEENS,NY
90671,34-30,84TH ST,QUEENS,NY
90693,34-32,84TH ST,QUEENS,NY
90717,34-34,84TH ST,QUEENS,NY
90738,34-36,84TH ST,QUEENS,NY
90759,34-38,84TH ST,QUEENS,NY
90805,34-42,84TH ST,QUEENS,NY
90828,34-44,84TH ST,QUEENS,NY
90847,34-46,84TH ST,QUEENS,NY
90872,34-48,84TH ST,QUEENS,NY
90910,34-52,84TH ST,QUEENS,NY
91055,35-34,84TH ST,QUEENS,NY
91144,35-46,84TH ST,QUEENS,NY
91158,35-48,84TH ST,QUEENS,NY
91176,35-50,84TH ST,QUEENS,NY
91191,35-52,84TH ST,QUEENS,NY
91208,35-54,84TH ST,QUEENS,NY
91277,37-16,84TH ST,QUEENS,NY
91301,37-20,84TH ST,QUEENS,NY
91325,37-24,84TH ST,QUEENS,NY
91378,37-34,84TH ST,QUEENS,NY
91398,37-38,84TH ST,QUEENS,NY
91422,37-42,84TH ST,QUEENS,NY
91466,37-50,84TH ST,QUEENS,NY
91493,37-54,84TH ST,QUEENS,NY
91518,37-58,84TH ST,QUEENS,NY
90054,33-15,84TH ST,QUEENS,NY
90083,33-17,84TH ST,QUEENS,NY
90160,33-23,84TH ST,QUEENS,NY
90187,33-25,84TH ST,QUEENS,NY
90239,33-29,84TH ST,QUEENS,NY
90265,33-31,84TH ST,QUEENS,NY
90321,33-35,84TH ST,QUEENS,NY
90366,33-39,84TH ST,QUEENS,NY
90394,33-41,84TH ST,QUEENS,NY
90439,33-45,84TH ST,QUEENS,NY
90474,33-51,84TH ST,QUEENS,NY
90512,34-11,84TH ST,QUEENS,NY
90531,34-15,84TH ST,QUEENS,NY
90548,34-17,84TH ST,QUEENS,NY
90591,34-21,84TH ST,QUEENS,NY
90607,34-23,84TH ST,QUEENS,NY
90629,34-25,84TH ST,QUEENS,NY
90646,34-27,84TH ST,QUEENS,NY
90683,34-31,84TH ST,QUEENS,NY
90703,34-33,84TH ST,QUEENS,NY
90750,34-37,84TH ST,QUEENS,NY
90768,34-39,84TH ST,QUEENS,NY
90793,34-41,84TH ST,QUEENS,NY
90837,34-45,84TH ST,QUEENS,NY
90859,34-47,84TH ST,QUEENS,NY
90883,34-49,84TH ST,QUEENS,NY
90902,34-51,84TH ST,QUEENS,NY
90942,35-15,84TH ST,QUEENS,NY
91118,35-43,84TH ST,QUEENS,NY
91245,37-11,84TH ST,QUEENS,NY
91280,37-17,84TH ST,QUEENS,NY
91308,37-21,84TH ST,QUEENS,NY
91339,37-27,84TH ST,QUEENS,NY
91374,37-33,84TH ST,QUEENS,NY
91402,37-39,84TH ST,QUEENS,NY
91439,37-45,84TH ST,QUEENS,NY
91474,37-51,84TH ST,QUEENS,NY
91499,37-55,84TH ST,QUEENS,NY
91522,37-59,84TH ST,QUEENS,NY
91251,37-12,85TH ST,QUEENS,NY
91287,37-18,85TH ST,QUEENS,NY
91316,37-22,85TH ST,QUEENS,NY
91348,37-28,85TH ST,QUEENS,NY
91379,37-34,85TH ST,QUEENS,NY
91409,37-40,85TH ST,QUEENS,NY
91445,37-46,85TH ST,QUEENS,NY
91482,37-52,85TH ST,QUEENS,NY
91504,37-56,85TH ST,QUEENS,NY
91526,37-60,85TH ST,QUEENS,NY
91720,,ST,QUEENS,NY
90025,33-12,85TH ST,QUEENS,NY
90042,33-14,85TH ST,QUEENS,NY
90068,33-16,85TH ST,QUEENS,NY
90097,33-18,85TH ST,QUEENS,NY
90120,33-20,85TH ST,QUEENS,NY
90172,33-24,85TH ST,QUEENS,NY
90201,33-26,85TH ST,QUEENS,NY
90227,33-28,85TH ST,QUEENS,NY
90252,33-30,85TH ST,QUEENS,NY
90278,33-32,85TH ST,QUEENS,NY
90330,33-36,85TH ST,QUEENS,NY
90353,33-38,85TH ST,QUEENS,NY
90381,33-40,85TH ST,QUEENS,NY
90407,33-42,85TH ST,QUEENS,NY
90430,33-44,85TH ST,QUEENS,NY
90478,33-52,85TH ST,QUEENS,NY
90521,34-14,85TH ST,QUEENS,NY
90541,34-16,85TH ST,QUEENS,NY
90556,34-18,85TH ST,QUEENS,NY
90579,34-20,85TH ST,QUEENS,NY
90619,34-24,85TH ST,QUEENS,NY
90638,34-26,85TH ST,QUEENS,NY
90655,34-28,85TH ST,QUEENS,NY
90672,34-30,85TH ST,QUEENS,NY
90718,34-34,85TH ST,QUEENS,NY
90739,34-36,85TH ST,QUEENS,NY
90760,34-38,85TH ST,QUEENS,NY
90781,34-40,85TH ST,QUEENS,NY
90829,34-44,85TH ST,QUEENS,NY
90848,34-46,85TH ST,QUEENS,NY
90893,34-50,85TH ST,QUEENS,NY
90911,34-52,85TH ST,QUEENS,NY
90953,35-16,85TH ST,QUEENS,NY
91177,35-50,85TH ST,QUEENS,NY
90013,33-11,85TH ST,QUEENS,NY
90055,33-15,85TH ST,QUEENS,NY
90084,33-17,85TH ST,QUEENS,NY
90134,33-21,85TH ST,QUEENS,NY
90161,33-23,85TH ST,QUEENS,NY
90213,33-27,85TH ST,QUEENS,NY
90240,33-29,85TH ST,QUEENS,NY
90293,33-33,85TH ST,QUEENS,NY
90322,33-35,85TH ST,QUEENS,NY
90367,33-39,85TH ST,QUEENS,NY
90395,33-41,85TH ST,QUEENS,NY
90440,33-45,85TH ST,QUEENS,NY
90794,34-41,85TH ST,QUEENS,NY
90929,35-11,85TH ST,QUEENS,NY
91038,35-31,85TH ST,QUEENS,NY
91186,35-51,85TH ST,QUEENS,NY
91237,35-65,85TH ST,QUEENS,NY
91256,37-13,85TH ST,QUEENS,NY
91309,37-21,85TH ST,QUEENS,NY
91340,37-27,85TH ST,QUEENS,NY
91382,37-35,85TH ST,QUEENS,NY
91416,37-41,85TH ST,QUEENS,NY
91458,37-49,85TH ST,QUEENS,NY
91512,37-57,85TH ST,QUEENS,NY
91260,37-14,86TH ST,QUEENS,NY
91317,37-22,86TH ST,QUEENS,NY
91349,37-28,86TH ST,QUEENS,NY
91386,37-36,86TH ST,QUEENS,NY
91423,37-42,86TH ST,QUEENS,NY
91467,37-50,86TH ST,QUEENS,NY
91519,37-58,86TH ST,QUEENS,NY
91727,,ST,QUEENS,NY
90026,33-12,86TH ST,QUEENS,NY
90069,33-16,86TH ST,QUEENS,NY
90121,33-20,86TH ST,QUEENS,NY
90173,33-24,86TH ST,QUEENS,NY
90228,33-28,86TH ST,QUEENS,NY
90279,33-32,86TH ST,QUEENS,NY
90307,33-34,86TH ST,QUEENS,NY
90331,33-36,86TH ST,QUEENS,NY
90408,33-42,86TH ST,QUEENS,NY
90451,33-46,86TH ST,QUEENS,NY
90542,34-16,86TH ST,QUEENS,NY
90580,34-20,86TH ST,QUEENS,NY
90620,34-24,86TH ST,QUEENS,NY
90656,34-28,86TH ST,QUEENS,NY
90694,34-32,86TH ST,QUEENS,NY
90740,34-36,86TH ST,QUEENS,NY
90782,34-40,86TH ST,QUEENS,NY
90830,34-44,86TH ST,QUEENS,NY
90873,34-48,86TH ST,QUEENS,NY
90912,34-52,86TH ST,QUEENS,NY
90014,33-11,86TH ST,QUEENS,NY
90056,33-15,86TH ST,QUEENS,NY
90085,33-17,86TH ST,QUEENS,NY
90109,33-19,86TH ST,QUEENS,NY
90135,33-21,86TH ST,QUEENS,NY
90188,33-25,86TH ST,QUEENS,NY
90214,33-27,86TH ST,QUEENS,NY
90241,33-29,86TH ST,QUEENS,NY
90266,33-31,86TH ST,QUEENS,NY
90294,33-33,86TH ST,QUEENS,NY
90341,33-37,86TH ST,QUEENS,NY
90368,33-39,86TH ST,QUEENS,NY
90396,33-41,86TH ST,QUEENS,NY
90421,33-43,86TH ST,QUEENS,NY
90441,33-45,86TH ST,QUEENS,NY
90532,34-15,86TH ST,QUEENS,NY
90565,34-19,86TH ST,QUEENS,NY
90608,34-23,86TH ST,QUEENS,NY
90647,34-27,86TH ST,QUEENS,NY
90684,34-31,86TH ST,QUEENS,NY
90728,34-35,86TH ST,QUEENS,NY
90769,34-39,86TH ST,QUEENS,NY
90816,34-43,86TH ST,QUEENS,NY
90860,34-47,86TH ST,QUEENS,NY
90903,34-51,86TH ST,QUEENS,NY
90943,35-15,86TH ST,QUEENS,NY
90957,35-17,86TH ST,QUEENS,NY
90966,35-19,86TH ST,QUEENS,NY
90981,35-21,86TH ST,QUEENS,NY
90989,35-23,86TH ST,QUEENS,NY
91002,35-25,86TH ST,QUEENS,NY
91013,35-27,86TH ST,QUEENS,NY
91026,35-29,86TH ST,QUEENS,NY
91039,35-31,86TH ST,QUEENS,NY
91049,35-33,86TH ST,QUEENS,NY
91064,35-35,86TH ST,QUEENS,NY
91081,35-37,86TH ST,QUEENS,NY
91091,35-39,86TH ST,QUEENS,NY
91107,35-41,86TH ST,QUEENS,NY
91119,35-43,86TH ST,QUEENS,NY
91137,35-45,86TH ST,QUEENS,NY
91238,35-65,86TH ST,QUEENS,NY
91341,37-27,86TH ST,QUEENS,NY
91475,37-51,86TH ST,QUEENS,NY
90027,33-12,87TH ST,QUEENS,NY
90070,33-16,87TH ST,QUEENS,NY
90122,33-20,87TH ST,QUEENS,NY
90148,33-22,87TH ST,QUEENS,NY
90174,33-24,87TH ST,QUEENS,NY
90229,33-28,87TH ST,QUEENS,NY
90253,33-30,87TH ST,QUEENS,NY
90308,33-34,87TH ST,QUEENS,NY
90332,33-36,87TH ST,QUEENS,NY
90382,33-40,87TH ST,QUEENS,NY
90409,33-42,87TH ST,QUEENS,NY
90452,33-46,87TH ST,QUEENS,NY
90522,34-14,87TH ST,QUEENS,NY
90557,34-18,87TH ST,QUEENS,NY
90600,34-22,87TH ST,QUEENS,NY
90621,34-24,87TH ST,QUEENS,NY
90639,34-26,87TH ST,QUEENS,NY
90719,34-34,87TH ST,QUEENS,NY
90761,34-38,87TH ST,QUEENS,NY
90806,34-42,87TH ST,QUEENS,NY
90849,34-46,87TH ST,QUEENS,NY
90894,34-50,87TH ST,QUEENS,NY
91742,,ST,QUEENS,NY
90954,35-16,87TH ST,QUEENS,NY
90961,35-18,87TH ST,QUEENS,NY
90985,35-22,87TH ST,QUEENS,NY
90996,35-24,87TH ST,QUEENS,NY
91021,35-28,87TH ST,QUEENS,NY
91034,35-30,87TH ST,QUEENS,NY
91056,35-34,87TH ST,QUEENS,NY
91074,35-36,87TH ST,QUEENS,NY
91101,35-40,87TH ST,QUEENS,NY
91127,35-44,87TH ST,QUEENS,NY
91159,35-48,87TH ST,QUEENS,NY
91178,35-50,87TH ST,QUEENS,NY
91209,35-54,87TH ST,QUEENS,NY
91222,35-56,87TH ST,QUEENS,NY
91302,37-20,87TH ST,QUEENS,NY
91334,37-26,87TH ST,QUEENS,NY
91468,37-50,87TH ST,QUEENS,NY
91505,37-56,87TH ST,QUEENS,NY
90033,33-13,87TH ST,QUEENS,NY
90057,33-15,87TH ST,QUEENS,NY
90086,33-17,87TH ST,QUEENS,NY
90136,33-21,87TH ST,QUEENS,NY
90189,33-25,87TH ST,QUEENS,NY
90215,33-27,87TH ST,QUEENS,NY
90267,33-31,87TH ST,QUEENS,NY
90295,33-33,87TH ST,QUEENS,NY
90342,33-37,87TH ST,QUEENS,NY
90369,33-39,87TH ST,QUEENS,NY
90422,33-43,87TH ST,QUEENS,NY
90442,33-45,87TH ST,QUEENS,NY
90516,34-13,87TH ST,QUEENS,NY
90533,34-15,87TH ST,QUEENS,NY
90549,34-17,87TH ST,QUEENS,NY
90566,34-19,87TH ST,QUEENS,NY
90592,34-21,87TH ST,QUEENS,NY
90609,34-23,87TH ST,QUEENS,NY
90648,34-27,87TH ST,QUEENS,NY
90663,34-29,87TH ST,QUEENS,NY
90704,34-33,87TH ST,QUEENS,NY
90729,34-35,87TH ST,QUEENS,NY
90770,34-39,87TH ST,QUEENS,NY
90795,34-41,87TH ST,QUEENS,NY
90817,34-43,87TH ST,QUEENS,NY
90838,34-45,87TH ST,QUEENS,NY
90861,34-47,87TH ST,QUEENS,NY
90884,34-49,87TH ST,QUEENS,NY
90923,35-05,87TH ST,QUEENS,NY
90944,35-15,87TH ST,QUEENS,NY
90958,35-17,87TH ST,QUEENS,NY
90967,35-19,87TH ST,QUEENS,NY
90990,35-23,87TH ST,QUEENS,NY
91003,35-25,87TH ST,QUEENS,NY
91014,35-27,87TH ST,QUEENS,NY
91027,35-29,87TH ST,QUEENS,NY
91050,35-33,87TH ST,QUEENS,NY
91065,35-35,87TH ST,QUEENS,NY
91092,35-39,87TH ST,QUEENS,NY
91108,35-41,87TH ST,QUEENS,NY
91120,35-43,87TH ST,QUEENS,NY
91138,35-45,87TH ST,QUEENS,NY
91187,35-51,87TH ST,QUEENS,NY
91201,35-53,87TH ST,QUEENS,NY
91217,35-55,87TH ST,QUEENS,NY
91229,35-57,87TH ST,QUEENS,NY
91236,35-62,87TH ST,QUEENS,NY
91246,37-11,87TH ST,QUEENS,NY
91270,37-15,87TH ST,QUEENS,NY
91281,37-17,87TH ST,QUEENS,NY
91294,37-19,87TH ST,QUEENS,NY
91310,37-21,87TH ST,QUEENS,NY
91330,37-25,87TH ST,QUEENS,NY
91342,37-27,87TH ST,QUEENS,NY
91354,37-29,87TH ST,QUEENS,NY
91363,37-31,87TH ST,QUEENS,NY
91375,37-33,87TH ST,QUEENS,NY
91393,37-37,87TH ST,QUEENS,NY
91403,37-39,87TH ST,QUEENS,NY
91417,37-41,87TH ST,QUEENS,NY
91428,37-43,87TH ST,QUEENS,NY
91440,37-45,87TH ST,QUEENS,NY
91459,37-49,87TH ST,QUEENS,NY
91476,37-51,87TH ST,QUEENS,NY
91488,37-53,87TH ST,QUEENS,NY
91500,37-55,87TH ST,QUEENS,NY
91513,37-57,87TH ST,QUEENS,NY
90043,33-14,88TH ST,QUEENS,NY
90071,33-16,88TH ST,QUEENS,NY
90098,33-18,88TH ST,QUEENS,NY
90123,33-20,88TH ST,QUEENS,NY
90149,33-22,88TH ST,QUEENS,NY
90202,33-26,88TH ST,QUEENS,NY
90230,33-28,88TH ST,QUEENS,NY
90254,33-30,88TH ST,QUEENS,NY
90280,33-32,88TH ST,QUEENS,NY
90309,33-34,88TH ST,QUEENS,NY
90354,33-38,88TH ST,QUEENS,NY
90383,33-40,88TH ST,QUEENS,NY
90410,33-42,88TH ST,QUEENS,NY
90431,33-44,88TH ST,QUEENS,NY
90453,33-46,88TH ST,QUEENS,NY
90523,34-14,88TH ST,QUEENS,NY
90543,34-16,88TH ST,QUEENS,NY
90558,34-18,88TH ST,QUEENS,NY
90581,34-20,88TH ST,QUEENS,NY
90601,34-22,88TH ST,QUEENS,NY
90622,34-24,88TH ST,QUEENS,NY
90657,34-28,88TH ST,QUEENS,NY
90673,34-30,88TH ST,QUEENS,NY
90695,34-32,88TH ST,QUEENS,NY
90720,34-34,88TH ST,QUEENS,NY
90741,34-36,88TH ST,QUEENS,NY
90762,34-38,88TH ST,QUEENS,NY
90807,34-42,88TH ST,QUEENS,NY
90831,34-44,88TH ST,QUEENS,NY
90850,34-46,88TH ST,QUEENS,NY
90874,34-48,88TH ST,QUEENS,NY
90895,34-50,88TH ST,QUEENS,NY
90925,35-06,88TH ST,QUEENS,NY
90936,35-14,88TH ST,QUEENS,NY
90955,35-16,88TH ST,QUEENS,NY
90962,35-18,88TH ST,QUEENS,NY
90975,35-20,88TH ST,QUEENS,NY
90986,35-22,88TH ST,QUEENS,NY
90997,35-24,88TH ST,QUEENS,NY
91008,35-26,88TH ST,QUEENS,NY
91022,35-28,88TH ST,QUEENS,NY
91044,35-32,88TH ST,QUEENS,NY
91057,35-34,88TH ST,QUEENS,NY
91075,35-36,88TH ST,QUEENS,NY
91087,35-38,88TH ST,QUEENS,NY
91114,35-42,88TH ST,QUEENS,NY
91128,35-44,88TH ST,QUEENS,NY
91145,35-46,88TH ST,QUEENS,NY
91160,35-48,88TH ST,QUEENS,NY
91179,35-50,88TH ST,QUEENS,NY
91192,35-52,88TH ST,QUEENS,NY
91210,35-54,88TH ST,QUEENS,NY
91223,35-56,88TH ST,QUEENS,NY
91252,37-12,88TH ST,QUEENS,NY
91261,37-14,88TH ST,QUEENS,NY
91278,37-16,88TH ST,QUEENS,NY
91288,37-18,88TH ST,QUEENS,NY
91318,37-22,88TH ST,QUEENS,NY
91326,37-24,88TH ST,QUEENS,NY
91335,37-26,88TH ST,QUEENS,NY
91350,37-28,88TH ST,QUEENS,NY
91388,37-36,88TH ST,QUEENS,NY
91387,37-36,88TH ST,QUEENS,NY
91527,37-60,88TH ST,QUEENS,NY
90015,33-11,88TH ST,QUEENS,NY
90034,33-13,88TH ST,QUEENS,NY
90058,33-15,88TH ST,QUEENS,NY
90110,33-19,88TH ST,QUEENS,NY
90137,33-21,88TH ST,QUEENS,NY
90190,33-25,88TH ST,QUEENS,NY
90216,33-27,88TH ST,QUEENS,NY
90242,33-29,88TH ST,QUEENS,NY
90268,33-31,88TH ST,QUEENS,NY
90296,33-33,88TH ST,QUEENS,NY
90343,33-37,88TH ST,QUEENS,NY
90370,33-39,88TH ST,QUEENS,NY
90397,33-41,88TH ST,QUEENS,NY
90423,33-43,88TH ST,QUEENS,NY
90443,33-45,88TH ST,QUEENS,NY
90534,34-15,88TH ST,QUEENS,NY
90550,34-17,88TH ST,QUEENS,NY
90567,34-19,88TH ST,QUEENS,NY
90610,34-23,88TH ST,QUEENS,NY
90630,34-25,88TH ST,QUEENS,NY
90664,34-29,88TH ST,QUEENS,NY
90705,34-33,88TH ST,QUEENS,NY
90730,34-35,88TH ST,QUEENS,NY
90771,34-39,88TH ST,QUEENS,NY
90796,34-41,88TH ST,QUEENS,NY
90818,34-43,88TH ST,QUEENS,NY
90862,34-47,88TH ST,QUEENS,NY
90885,34-49,88TH ST,QUEENS,NY
90913,34-53,88TH ST,QUEENS,NY
90930,35-11,88TH ST,QUEENS,NY
90945,35-15,88TH ST,QUEENS,NY
90968,35-19,88TH ST,QUEENS,NY
90991,35-23,88TH ST,QUEENS,NY
91015,35-27,88TH ST,QUEENS,NY
91040,35-31,88TH ST,QUEENS,NY
91066,35-35,88TH ST,QUEENS,NY
91093,35-39,88TH ST,QUEENS,NY
91121,35-43,88TH ST,QUEENS,NY
91150,35-47,88TH ST,QUEENS,NY
91188,35-51,88TH ST,QUEENS,NY
91218,35-55,88TH ST,QUEENS,NY
91247,37-11,88TH ST,QUEENS,NY
91271,37-15,88TH ST,QUEENS,NY
91282,37-17,88TH ST,QUEENS,NY
91295,37-19,88TH ST,QUEENS,NY
91311,37-21,88TH ST,QUEENS,NY
91331,37-25,88TH ST,QUEENS,NY
91343,37-27,88TH ST,QUEENS,NY
91394,37-37,88TH ST,QUEENS,NY
91429,37-43,88TH ST,QUEENS,NY
90028,33-12,89TH ST,QUEENS,NY
90072,33-16,89TH ST,QUEENS,NY
90099,33-18,89TH ST,QUEENS,NY
90150,33-22,89TH ST,QUEENS,NY
90175,33-24,89TH ST,QUEENS,NY
90203,33-26,89TH ST,QUEENS,NY
90255,33-30,89TH ST,QUEENS,NY
90281,33-32,89TH ST,QUEENS,NY
90310,33-34,89TH ST,QUEENS,NY
90355,33-38,89TH ST,QUEENS,NY
90384,33-40,89TH ST,QUEENS,NY
90411,33-42,89TH ST,QUEENS,NY
90454,33-46,89TH ST,QUEENS,NY
90524,34-14,89TH ST,QUEENS,NY
90559,34-18,89TH ST,QUEENS,NY
90582,34-20,89TH ST,QUEENS,NY
90602,34-22,89TH ST,QUEENS,NY
90623,34-24,89TH ST,QUEENS,NY
90658,34-28,89TH ST,QUEENS,NY
90674,34-30,89TH ST,QUEENS,NY
90721,34-34,89TH ST,QUEENS,NY
90742,34-36,89TH ST,QUEENS,NY
90783,34-40,89TH ST,QUEENS,NY
90808,34-42,89TH ST,QUEENS,NY
90832,34-44,89TH ST,QUEENS,NY
90875,34-48,89TH ST,QUEENS,NY
90896,34-50,89TH ST,QUEENS,NY
90937,35-14,89TH ST,QUEENS,NY
90956,35-16,89TH ST,QUEENS,NY
90963,35-18,89TH ST,QUEENS,NY
90976,35-20,89TH ST,QUEENS,NY
90987,35-22,89TH ST,QUEENS,NY
90998,35-24,89TH ST,QUEENS,NY
91010,35-26B,89TH ST,QUEENS,NY
91009,35-26A,89TH ST,QUEENS,NY
91023,35-28,89TH ST,QUEENS,NY
91035,35-30,89TH ST,QUEENS,NY
91045,35-32,89TH ST,QUEENS,NY
91058,35-34,89TH ST,QUEENS,NY
91076,35-36,89TH ST,QUEENS,NY
91088,35-38,89TH ST,QUEENS,NY
91102,35-40,89TH ST,QUEENS,NY
91115,35-42,89TH ST,QUEENS,NY
91129,35-44,89TH ST,QUEENS,NY
91146,35-46,89TH ST,QUEENS,NY
91161,35-48,89TH ST,QUEENS,NY
91180,35-50,89TH ST,QUEENS,NY
91195,35-52B,89TH ST,QUEENS,NY
91194,35-52A,89TH ST,QUEENS,NY
91211,35-54,89TH ST,QUEENS,NY
91224,35-56,89TH ST,QUEENS,NY
91253,37-12,89TH ST,QUEENS,NY
91262,37-14,89TH ST,QUEENS,NY
91289,37-18,89TH ST,QUEENS,NY
91303,37-20,89TH ST,QUEENS,NY
91319,37-22,89TH ST,QUEENS,NY
91327,37-24,89TH ST,QUEENS,NY
91351,37-28,89TH ST,QUEENS,NY
91358,37-30,89TH ST,QUEENS,NY
91368,37-32,89TH ST,QUEENS,NY
91380,37-34,89TH ST,QUEENS,NY
91483,37-52,89TH ST,QUEENS,NY
90016,33-11,89TH ST,QUEENS,NY
90059,33-15,89TH ST,QUEENS,NY
90087,33-17,89TH ST,QUEENS,NY
90138,33-21,89TH ST,QUEENS,NY
90162,33-23,89TH ST,QUEENS,NY
90217,33-27,89TH ST,QUEENS,NY
90243,33-29,89TH ST,QUEENS,NY
90269,33-31,89TH ST,QUEENS,NY
90297,33-33,89TH ST,QUEENS,NY
90344,33-37,89TH ST,QUEENS,NY
90371,33-39,89TH ST,QUEENS,NY
90398,33-41,89TH ST,QUEENS,NY
90444,33-45,89TH ST,QUEENS,NY
90535,34-15,89TH ST,QUEENS,NY
90551,34-17,89TH ST,QUEENS,NY
90568,34-19,89TH ST,QUEENS,NY
90593,34-21,89TH ST,QUEENS,NY
90631,34-25,89TH ST,QUEENS,NY
90649,34-27,89TH ST,QUEENS,NY
90685,34-31,89TH ST,QUEENS,NY
90706,34-33,89TH ST,QUEENS,NY
90751,34-37,89TH ST,QUEENS,NY
90772,34-39,89TH ST,QUEENS,NY
90819,34-43,89TH ST,QUEENS,NY
90839,34-45,89TH ST,QUEENS,NY
90886,34-49,89TH ST,QUEENS,NY
90904,34-51,89TH ST,QUEENS,NY
90921,34-59,89TH ST,QUEENS,NY
90920,34-58,90TH ST,QUEENS,NY
90946,35-15,89TH ST,QUEENS,NY
90959,35-17,89TH ST,QUEENS,NY
90969,35-19,89TH ST,QUEENS,NY
90982,35-21,89TH ST,QUEENS,NY
90992,35-23,89TH ST,QUEENS,NY
91016,35-27,89TH ST,QUEENS,NY
91028,35-29,89TH ST,QUEENS,NY
91041,35-31,89TH ST,QUEENS,NY
91051,35-33,89TH ST,QUEENS,NY
91082,35-37,89TH ST,QUEENS,NY
91094,35-39,89TH ST,QUEENS,NY
91122,35-43,89TH ST,QUEENS,NY
91139,35-45,89TH ST,QUEENS,NY
91151,35-47,89TH ST,QUEENS,NY
91168,35-49,89TH ST,QUEENS,NY
91202,35-53,89TH ST,QUEENS,NY
91230,35-57,89TH ST,QUEENS,NY
91248,37-11,89TH ST,QUEENS,NY
91272,37-15,89TH ST,QUEENS,NY
91296,37-19,89TH ST,QUEENS,NY
91323,37-23,89TH ST,QUEENS,NY
91344,37-27,89TH ST,QUEENS,NY
91364,37-31,89TH ST,QUEENS,NY
91383,37-35,89TH ST,QUEENS,NY
91404,37-39,89TH ST,QUEENS,NY
91430,37-43,89TH ST,QUEENS,NY
91449,37-47,89TH ST,QUEENS,NY
91477,37-51,89TH ST,QUEENS,NY
90044,33-14,90TH ST,QUEENS,NY
90073,33-16,90TH ST,QUEENS,NY
90100,33-18,90TH ST,QUEENS,NY
90124,33-20,90TH ST,QUEENS,NY
90151,33-22,90TH ST,QUEENS,NY
90176,33-24,90TH ST,QUEENS,NY
90204,33-26,90TH ST,QUEENS,NY
90231,33-28,90TH ST,QUEENS,NY
90256,33-30,90TH ST,QUEENS,NY
90282,33-32,90TH ST,QUEENS,NY
90311,33-34,90TH ST,QUEENS,NY
90356,33-38,90TH ST,QUEENS,NY
90385,33-40,90TH ST,QUEENS,NY
90412,33-42,90TH ST,QUEENS,NY
90432,33-44,90TH ST,QUEENS,NY
90455,33-46,90TH ST,QUEENS,NY
90525,34-14,90TH ST,QUEENS,NY
90544,34-16,90TH ST,QUEENS,NY
90583,34-20,90TH ST,QUEENS,NY
90603,34-22,90TH ST,QUEENS,NY
90640,34-26,90TH ST,QUEENS,NY
90659,34-28,90TH ST,QUEENS,NY
90675,34-30,90TH ST,QUEENS,NY
90696,34-32,90TH ST,QUEENS,NY
90743,34-36,90TH ST,QUEENS,NY
90763,34-38,90TH ST,QUEENS,NY
90784,34-40,90TH ST,QUEENS,NY
90809,34-42,90TH ST,QUEENS,NY
90851,34-46,90TH ST,QUEENS,NY
90876,34-48,90TH ST,QUEENS,NY
90938,35-14,90TH ST,QUEENS,NY
90964,35-18,90TH ST,QUEENS,NY
90977,35-20,90TH ST,QUEENS,NY
90988,35-22,90TH ST,QUEENS,NY
90999,35-24,90TH ST,QUEENS,NY
91024,35-28,90TH ST,QUEENS,NY
91036,35-30,90TH ST,QUEENS,NY
91046,35-32,90TH ST,QUEENS,NY
91077,35-36,90TH ST,QUEENS,NY
91089,35-38,90TH ST,QUEENS,NY
91103,35-40,90TH ST,QUEENS,NY
91130,35-44,90TH ST,QUEENS,NY
91147,35-46,90TH ST,QUEENS,NY
91181,35-50,90TH ST,QUEENS,NY
91193,35-52,90TH ST,QUEENS,NY
91212,35-54,90TH ST,QUEENS,NY
91225,35-56,90TH ST,QUEENS,NY
91254,37-12,90TH ST,QUEENS,NY
91263,37-14,90TH ST,QUEENS,NY
91290,37-18,90TH ST,QUEENS,NY
91304,37-20,90TH ST,QUEENS,NY
91320,37-22,90TH ST,QUEENS,NY
91336,37-26,90TH ST,QUEENS,NY
91352,37-28,90TH ST,QUEENS,NY
91369,37-32,90TH ST,QUEENS,NY
91389,37-36,90TH ST,QUEENS,NY
91399,37-38,90TH ST,QUEENS,NY
91424,37-42,90TH ST,QUEENS,NY
91435,37-44,90TH ST,QUEENS,NY
91454,37-48,90TH ST,QUEENS,NY
91469,37-50,90TH ST,QUEENS,NY
90569,34-19,90TH ST,QUEENS,NY
90707,34-33,90TH ST,QUEENS,NY
90863,34-47,90TH ST,QUEENS,NY
90560,34-18,91ST ST,QUEENS,NY
90697,34-32,91ST ST,QUEENS,NY
90852,34-46,91ST ST,QUEENS,NY
90926,35-07A,90TH ST,QUEENS,NY
90927,35-07B,90TH ST,QUEENS,NY
90928,35-07C,90TH ST,QUEENS,NY
90933,35-13,90TH ST,QUEENS,NY
90947,35-15,90TH ST,QUEENS,NY
90960,35-17,90TH ST,QUEENS,NY
90970,35-19,90TH ST,QUEENS,NY
90983,35-21,90TH ST,QUEENS,NY
90993,35-23,90TH ST,QUEENS,NY
91004,35-25,90TH ST,QUEENS,NY
91017,35-27,90TH ST,QUEENS,NY
91029,35-29,90TH ST,QUEENS,NY
91042,35-31,90TH ST,QUEENS,NY
91052,35-33,90TH ST,QUEENS,NY
91067,35-35,90TH ST,QUEENS,NY
91083,35-37,90TH ST,QUEENS,NY
91095,35-39,90TH ST,QUEENS,NY
91109,35-41,90TH ST,QUEENS,NY
91123,35-43,90TH ST,QUEENS,NY
91140,35-45,90TH ST,QUEENS,NY
91152,35-47,90TH ST,QUEENS,NY
91249,37-11,90TH ST,QUEENS,NY
91273,37-15,90TH ST,QUEENS,NY
91283,37-17,90TH ST,QUEENS,NY
91297,37-19,90TH ST,QUEENS,NY
91312,37-21,90TH ST,QUEENS,NY
91332,37-25,90TH ST,QUEENS,NY
91345,37-27,90TH ST,QUEENS,NY
91384,37-35,90TH ST,QUEENS,NY
91405,37-39,90TH ST,QUEENS,NY
91431,37-43,90TH ST,QUEENS,NY
91450,37-47,90TH ST,QUEENS,NY
91460,37-49-59,90TH ST,QUEENS,NY
90948,35-15,LEVERICH ST,QUEENS,NY
91018,35-27,LEVERICH ST,QUEENS,NY
91043,35-31,LEVERICH ST,QUEENS,NY
91068,35-35,LEVERICH ST,QUEENS,NY
91084,35-37,LEVERICH ST,QUEENS,NY
91096,35-39,LEVERICH ST,QUEENS,NY
91124,35-43,LEVERICH ST,QUEENS,NY
91141,35-45,LEVERICH ST,QUEENS,NY
91069,35-35/45,LEVERICH ST,QUEENS,NY
91265,37-15,73RD ST,QUEENS,NY
91291,37-19,73RD ST,QUEENS,NY
91243,37-11,73RD ST,QUEENS,NY
91355,37-30,73RD ST,QUEENS,NY
91681,81-06,34TH AVE,QUEENS,NY
90003,157-05,NORTHERN BLVD,QUEENS,NY
90001,,NY (BOWNE PARK),nan,NY
90002,,NY (BOWNE PARK BUILDING),nan,NY
90004,35-11,154TH ST,QUEENS,NY
90005,35-17,154TH ST,QUEENS,NY
90006,35-21,154TH ST,QUEENS,NY
90007,35-25,154TH ST,QUEENS,NY
90008,35-27,154TH ST,QUEENS,NY
90009,29-14,155TH ST,QUEENS,NY
90010,29-20,155TH ST,QUEENS,NY
90011,29-26,155TH ST,QUEENS,NY
90012,29-30,155TH ST,QUEENS,NY
90013,29-32/34,155TH ST,QUEENS,NY
90014,29-40,155TH ST,QUEENS,NY
90015,29-42,155TH ST,QUEENS,NY
90016,32-05,155TH ST,QUEENS,NY
90017,32-12,155TH ST,QUEENS,NY
90018,32-15,155TH ST,QUEENS,NY
90019,32-17,155TH ST,QUEENS,NY
90020,32-20,155TH ST,QUEENS,NY
90021,32-21,155TH ST,QUEENS,NY
90022,32-24,155TH ST,QUEENS,NY
90023,32-25,155TH ST,QUEENS,NY
90024,32-26,155TH ST,QUEENS,NY
90025,32-31,155TH ST,QUEENS,NY
90026,32-32,155TH ST,QUEENS,NY
90027,32-37,155TH ST,QUEENS,NY
90028,33-79,155TH ST,QUEENS,NY
90029,33-82,155TH ST,QUEENS,NY
90030,33-83,155TH ST,QUEENS,NY
90031,35-07,155TH ST,QUEENS,NY
90032,32-11,156TH ST,QUEENS,NY
90033,32-12,156TH ST,QUEENS,NY
90034,32-16,156TH ST,QUEENS,NY
90035,32-17,156TH ST,QUEENS,NY
90036,32-20,156TH ST,QUEENS,NY
90037,32-21,156TH ST,QUEENS,NY
90038,32-24,156TH ST,QUEENS,NY
90039,32-25,156TH ST,QUEENS,NY
90040,32-27,156TH ST,QUEENS,NY
90041,32-28,156TH ST,QUEENS,NY
90042,32-30,156TH ST,QUEENS,NY
90043,33-31,157TH ST,QUEENS,NY
90044,33-40,157TH ST,QUEENS,NY
90045,33-43,157TH ST,QUEENS,NY
90046,33-46,157TH ST,QUEENS,NY
90047,33-50,157TH ST,QUEENS,NY
90048,33-51,157TH ST,QUEENS,NY
90049,33-55,157TH ST,QUEENS,NY
90050,33-56,157TH ST,QUEENS,NY
90051,33-62,157TH ST,QUEENS,NY
90052,33-63,157TH ST,QUEENS,NY
90053,33-67,157TH ST,QUEENS,NY
90054,33-70,157TH ST,QUEENS,NY
90055,33-73,157TH ST,QUEENS,NY
90056,33-74,157TH ST,QUEENS,NY
90057,35-02,157TH ST,QUEENS,NY
90058,35-11,157TH ST,QUEENS,NY
90059,35-14,157TH ST,QUEENS,NY
90060,35-18,157TH ST,QUEENS,NY
90061,35-19,157TH ST,QUEENS,NY
90062,35-28,157TH ST,QUEENS,NY
90063,35-32,157TH ST,QUEENS,NY
90064,35-40,157TH ST,QUEENS,NY
90065,35-50,157TH ST,QUEENS,NY
90066,33-65,157TH ST,QUEENS,NY
90067,32-05,158TH ST,QUEENS,NY
90068,32-06,158TH ST,QUEENS,NY
90069,32-11,158TH ST,QUEENS,NY
90070,32-14,158TH ST,QUEENS,NY
90071,32-19,158TH ST,QUEENS,NY
90072,32-22,158TH ST,QUEENS,NY
90073,32-23,158TH ST,QUEENS,NY
90074,32-26,158TH ST,QUEENS,NY
90075,32-30,158TH ST,QUEENS,NY
90076,32-31,158TH ST,QUEENS,NY
90077,32-39,158TH ST,QUEENS,NY
90078,33-04,158TH ST,QUEENS,NY
90079,33-05,158TH ST,QUEENS,NY
90080,33-09,158TH ST,QUEENS,NY
90081,33-14,158TH ST,QUEENS,NY
90082,33-17,158TH ST,QUEENS,NY
90083,33-23,158TH ST,QUEENS,NY
90084,33-26,158TH ST,QUEENS,NY
90085,33-28,158TH ST,QUEENS,NY
90086,33-29,158TH ST,QUEENS,NY
90087,33-34,158TH ST,QUEENS,NY
90088,33-35,158TH ST,QUEENS,NY
90089,33-38,158TH ST,QUEENS,NY
90090,33-39,158TH ST,QUEENS,NY
90091,33-44,158TH ST,QUEENS,NY
90092,33-45,158TH ST,QUEENS,NY
90093,33-47,158TH ST,QUEENS,NY
90094,33-50,158TH ST,QUEENS,NY
90095,33-57,158TH ST,QUEENS,NY
90096,33-58,158TH ST,QUEENS,NY
90097,33-62,158TH ST,QUEENS,NY
90098,33-65,158TH ST,QUEENS,NY
90099,33-69,158TH ST,QUEENS,NY
90100,33-72,158TH ST,QUEENS,NY
90101,33-76,158TH ST,QUEENS,NY
90102,35-03,158TH ST,QUEENS,NY
90103,35-10,158TH ST,QUEENS,NY
90104,35-15,158TH ST,QUEENS,NY
90105,35-18,158TH ST,QUEENS,NY
90106,35-19,158TH ST,QUEENS,NY
90107,35-25,158TH ST,QUEENS,NY
90108,35-33,158TH ST,QUEENS,NY
90109,35-39,158TH ST,QUEENS,NY
90110,35-40,158TH ST,QUEENS,NY
90111,35-45,158TH ST,QUEENS,NY
90112,35-48,158TH ST,QUEENS,NY
90113,35-50,158TH ST,QUEENS,NY
90114,35-51,158TH ST,QUEENS,NY
90115,35-57,158TH ST,QUEENS,NY
90116,35-63,158TH ST,QUEENS,NY
90117,29-01A,159TH ST,QUEENS,NY
90118,29-11,159TH ST,QUEENS,NY
90119,29-19,159TH ST,QUEENS,NY
90120,29-21,159TH ST,QUEENS,NY
90121,29-25,159TH ST,QUEENS,NY
90122,29-31,159TH ST,QUEENS,NY
90123,29-37,159TH ST,QUEENS,NY
90124,29-43,159TH ST,QUEENS,NY
90125,32-03,159TH ST,QUEENS,NY
90126,32-09,159TH ST,QUEENS,NY
90127,32-15,159TH ST,QUEENS,NY
90128,32-16,159TH ST,QUEENS,NY
90129,32-19,159TH ST,QUEENS,NY
90130,32-20,159TH ST,QUEENS,NY
90131,32-24,159TH ST,QUEENS,NY
90132,32-25,159TH ST,QUEENS,NY
90133,32-28,159TH ST,QUEENS,NY
90134,32-29,159TH ST,QUEENS,NY
90135,32-32,159TH ST,QUEENS,NY
90136,32-41,159TH ST,QUEENS,NY
90137,32-42,159TH ST,QUEENS,NY
90138,33-01,159TH ST,QUEENS,NY
90139,33-09,159TH ST,QUEENS,NY
90140,33-14,159TH ST,QUEENS,NY
90141,33-18,159TH ST,QUEENS,NY
90142,33-19,159TH ST,QUEENS,NY
90143,33-24,159TH ST,QUEENS,NY
90144,33-23,159TH ST,QUEENS,NY
90145,33-28,159TH ST,QUEENS,NY
90146,33-33,159TH ST,QUEENS,NY
90147,33-38,159TH ST,QUEENS,NY
90148,33-39,159TH ST,QUEENS,NY
90149,33-43,159TH ST,QUEENS,NY
90150,33-44,159TH ST,QUEENS,NY
90151,33-49,159TH ST,QUEENS,NY
90152,33-50,159TH ST,QUEENS,NY
90153,33-55,159TH ST,QUEENS,NY
90154,33-56,159TH ST,QUEENS,NY
90155,33-62,159TH ST,QUEENS,NY
90156,33-63,159TH ST,QUEENS,NY
90157,33-68,159TH ST,QUEENS,NY
90158,33-69,159TH ST,QUEENS,NY
90159,33-75,159TH ST,QUEENS,NY
90160,33-76,159TH ST,QUEENS,NY
90161,33-82,159TH ST,QUEENS,NY
90162,35-03,159TH ST,QUEENS,NY
90163,35-06,159TH ST,QUEENS,NY
90164,35-12,159TH ST,QUEENS,NY
90165,35-15,159TH ST,QUEENS,NY
90166,35-20,159TH ST,QUEENS,NY
90167,35-21,159TH ST,QUEENS,NY
90168,35-25,159TH ST,QUEENS,NY
90169,35-26,159TH ST,QUEENS,NY
90170,35-32,159TH ST,QUEENS,NY
90171,35-33,159TH ST,QUEENS,NY
90172,35-36,159TH ST,QUEENS,NY
90173,35-39,159TH ST,QUEENS,NY
90174,35-44,159TH ST,QUEENS,NY
90175,35-49,159TH ST,QUEENS,NY
90176,35-50,159TH ST,QUEENS,NY
90177,35-51,159TH ST,QUEENS,NY
90178,35-53,159TH ST,QUEENS,NY
90179,35-56,159TH ST,QUEENS,NY
90180,35-62,159TH ST,QUEENS,NY
90181,35-63,159TH ST,QUEENS,NY
90182,35-68,159TH ST,QUEENS,NY
90183,35-69,159TH ST,QUEENS,NY
90184,29-04,160TH ST,QUEENS,NY
90185,29-05,160TH ST,QUEENS,NY
90186,29-11,160TH ST,QUEENS,NY
90187,29-15,160TH ST,QUEENS,NY
90188,29-18,160TH ST,QUEENS,NY
90189,29-21,160TH ST,QUEENS,NY
90190,29-22,160TH ST,QUEENS,NY
90191,29-24,160TH ST,QUEENS,NY
90192,29-25,160TH ST,QUEENS,NY
90193,29-27,160TH ST,QUEENS,NY
90194,29-28,160TH ST,QUEENS,NY
90195,29-29,160TH ST,QUEENS,NY
90196,29-33,160TH ST,QUEENS,NY
90197,29-36,160TH ST,QUEENS,NY
90198,29-39,160TH ST,QUEENS,NY
90199,29-40,160TH ST,QUEENS,NY
90200,32-04,160TH ST,QUEENS,NY
90201,32-05,160TH ST,QUEENS,NY
90202,32-08,160TH ST,QUEENS,NY
90203,32-11,160TH ST,QUEENS,NY
90204,32-12,160TH ST,QUEENS,NY
90205,32-17,160TH ST,QUEENS,NY
90206,32-20,160TH ST,QUEENS,NY
90207,32-23,160TH ST,QUEENS,NY
90208,32-24,160TH ST,QUEENS,NY
90209,32-30,160TH ST,QUEENS,NY
90210,32-31,160TH ST,QUEENS,NY
90211,32-42,160TH ST,QUEENS,NY
90212,33-09,160TH ST,QUEENS,NY
90213,33-12,160TH ST,QUEENS,NY
90214,33-15,160TH ST,QUEENS,NY
90215,33-18,160TH ST,QUEENS,NY
90216,33-26,160TH ST,QUEENS,NY
90217,33-27,160TH ST,QUEENS,NY
90218,33-33,160TH ST,QUEENS,NY
90219,33-34,160TH ST,QUEENS,NY
90220,33-38,160TH ST,QUEENS,NY
90221,33-39,160TH ST,QUEENS,NY
90222,33-45,160TH ST,QUEENS,NY
90223,33-46,160TH ST,QUEENS,NY
90224,33-51,160TH ST,QUEENS,NY
90225,33-52,160TH ST,QUEENS,NY
90226,33-55,160TH ST,QUEENS,NY
90227,33-56,160TH ST,QUEENS,NY
90228,33-61,160TH ST,QUEENS,NY
90229,33-64,160TH ST,QUEENS,NY
90230,33-67,160TH ST,QUEENS,NY
90231,33-70,160TH ST,QUEENS,NY
90232,33-73,160TH ST,QUEENS,NY
90233,33-76,160TH ST,QUEENS,NY
90234,35-04,160TH ST,QUEENS,NY
90235,35-12,160TH ST,QUEENS,NY
90236,35-15,160TH ST,QUEENS,NY
90237,35-19,160TH ST,QUEENS,NY
90238,35-20,160TH ST,QUEENS,NY
90239,35-25,160TH ST,QUEENS,NY
90240,35-26,160TH ST,QUEENS,NY
90241,35-31,160TH ST,QUEENS,NY
90242,35-32,160TH ST,QUEENS,NY
90243,35-37,160TH ST,QUEENS,NY
90244,35-38,160TH ST,QUEENS,NY
90245,35-43,160TH ST,QUEENS,NY
90246,35-44,160TH ST,QUEENS,NY
90247,35-47,160TH ST,QUEENS,NY
90248,35-50,160TH ST,QUEENS,NY
90249,35-53,160TH ST,QUEENS,NY
90250,35-56,160TH ST,QUEENS,NY
90251,35-57,160TH ST,QUEENS,NY
90252,35-62,160TH ST,QUEENS,NY
90253,35-63,160TH ST,QUEENS,NY
90254,35-67,160TH ST,QUEENS,NY
90255,35-70,160TH ST,QUEENS,NY
90256,35-73,160TH ST,QUEENS,NY
90257,35-79,160TH ST,QUEENS,NY
90258,29-03,161ST ST,QUEENS,NY
90259,29-11,161ST ST,QUEENS,NY
90260,29-12,161ST ST,QUEENS,NY
90261,29-15,161ST ST,QUEENS,NY
90262,29-16,161ST ST,QUEENS,NY
90263,29-19,161ST ST,QUEENS,NY
90264,29-22,161ST ST,QUEENS,NY
90265,29-25,161ST ST,QUEENS,NY
90266,29-26,161ST ST,QUEENS,NY
90267,29-29,161ST ST,QUEENS,NY
90268,29-30,161ST ST,QUEENS,NY
90269,29-34,161ST ST,QUEENS,NY
90270,29-35,161ST ST,QUEENS,NY
90271,29-38,161ST ST,QUEENS,NY
90272,29-39,161ST ST,QUEENS,NY
90273,29-43,161ST ST,QUEENS,NY
90274,29-44,161ST ST,QUEENS,NY
90275,29-52,161ST ST,QUEENS,NY
90276,32-03,161ST ST,QUEENS,NY
90277,32-06,161ST ST,QUEENS,NY
90278,32-12,161ST ST,QUEENS,NY
90279,32-15,161ST ST,QUEENS,NY
90280,32-18,161ST ST,QUEENS,NY
90281,32-19,161ST ST,QUEENS,NY
90282,32-26,161ST ST,QUEENS,NY
90283,32-32,161ST ST,QUEENS,NY
90284,32-35,161ST ST,QUEENS,NY
90285,33-04,161ST ST,QUEENS,NY
90286,33-05,161ST ST,QUEENS,NY
90287,33-12,161ST ST,QUEENS,NY
90288,33-15,161ST ST,QUEENS,NY
90289,33-18,161ST ST,QUEENS,NY
90290,33-23,161ST ST,QUEENS,NY
90291,33-24,161ST ST,QUEENS,NY
90292,33-25,161ST ST,QUEENS,NY
90293,33-33,161ST ST,QUEENS,NY
90294,33-35,161ST ST,QUEENS,NY
90295,33-36,161ST ST,QUEENS,NY
90296,33-42,161ST ST,QUEENS,NY
90297,33-44,161ST ST,QUEENS,NY
90298,33-45,161ST ST,QUEENS,NY
90299,33-49,161ST ST,QUEENS,NY
90300,33-50,161ST ST,QUEENS,NY
90301,33-55,161ST ST,QUEENS,NY
90302,33-58,161ST ST,QUEENS,NY
90303,33-59,161ST ST,QUEENS,NY
90304,33-66,161ST ST,QUEENS,NY
90305,33-67,161ST ST,QUEENS,NY
90306,33-70,161ST ST,QUEENS,NY
90307,33-71,161ST ST,QUEENS,NY
90308,33-74,161ST ST,QUEENS,NY
90309,33-80,161ST ST,QUEENS,NY
90310,33-81,161ST ST,QUEENS,NY
90311,35-05,161ST ST,QUEENS,NY
90312,35-12,161ST ST,QUEENS,NY
90313,35-15,161ST ST,QUEENS,NY
90314,35-18,161ST ST,QUEENS,NY
90315,35-19,161ST ST,QUEENS,NY
90316,35-24,161ST ST,QUEENS,NY
90317,35-27,161ST ST,QUEENS,NY
90318,35-30,161ST ST,QUEENS,NY
90319,35-35,161ST ST,QUEENS,NY
90320,35-36,161ST ST,QUEENS,NY
90321,35-39,161ST ST,QUEENS,NY
90322,35-42,161ST ST,QUEENS,NY
90323,35-43,161ST ST,QUEENS,NY
90324,35-48,161ST ST,QUEENS,NY
90325,35-49,161ST ST,QUEENS,NY
90326,35-53,161ST ST,QUEENS,NY
90327,35-54,161ST ST,QUEENS,NY
90328,35-59,161ST ST,QUEENS,NY
90329,35-60,161ST ST,QUEENS,NY
90330,35-63,161ST ST,QUEENS,NY
90331,35-64,161ST ST,QUEENS,NY
90332,35-69,161ST ST,QUEENS,NY
90333,35-70,161ST ST,QUEENS,NY
90334,35-73,161ST ST,QUEENS,NY
90335,35-74,161ST ST,QUEENS,NY
90336,35-78,161ST ST,QUEENS,NY
90337,35-79,161ST ST,QUEENS,NY
90338,35-83,161ST ST,QUEENS,NY
90339,29-05,162ND ST,QUEENS,NY
90340,29-09,162ND ST,QUEENS,NY
90341,29-14,162ND ST,QUEENS,NY
90342,29-15,162ND ST,QUEENS,NY
90343,29-20,162ND ST,QUEENS,NY
90344,29-21,162ND ST,QUEENS,NY
90345,29-23,162ND ST,QUEENS,NY
90346,29-25,162ND ST,QUEENS,NY
90347,29-26,162ND ST,QUEENS,NY
90348,29-30,162ND ST,QUEENS,NY
90349,29-33,162ND ST,QUEENS,NY
90350,29-34,162ND ST,QUEENS,NY
90351,29-35,162ND ST,QUEENS,NY
90352,29-38,162ND ST,QUEENS,NY
90353,29-41,162ND ST,QUEENS,NY
90354,29-42,162ND ST,QUEENS,NY
90355,29-47,162ND ST,QUEENS,NY
90356,29-50,162ND ST,QUEENS,NY
90357,29-60,162ND ST,QUEENS,NY
90358,29-65,162ND ST,QUEENS,NY
90359,32-03,162ND ST,QUEENS,NY
90360,32-04,162ND ST,QUEENS,NY
90361,32-16,162ND ST,QUEENS,NY
90362,32-17,162ND ST,QUEENS,NY
90363,32-21,162ND ST,QUEENS,NY
90364,32-22,162ND ST,QUEENS,NY
90365,32-26,162ND ST,QUEENS,NY
90366,32-29,162ND ST,QUEENS,NY
90367,32-39,162ND ST,QUEENS,NY
90368,33-11,162ND ST,QUEENS,NY
90369,33-12,162ND ST,QUEENS,NY
90370,33-16,162ND ST,QUEENS,NY
90371,33-17,162ND ST,QUEENS,NY
90372,33-22,162ND ST,QUEENS,NY
90373,33-25,162ND ST,QUEENS,NY
90374,33-26,162ND ST,QUEENS,NY
90375,33-33,162ND ST,QUEENS,NY
90376,33-37,162ND ST,QUEENS,NY
90377,33-40,162ND ST,QUEENS,NY
90378,33-45,162ND ST,QUEENS,NY
90379,33-46,162ND ST,QUEENS,NY
90380,33-50,162ND ST,QUEENS,NY
90381,33-51,162ND ST,QUEENS,NY
90382,33-57,162ND ST,QUEENS,NY
90383,33-58,162ND ST,QUEENS,NY
90384,33-63,162ND ST,QUEENS,NY
90385,33-64,162ND ST,QUEENS,NY
90386,33-69,162ND ST,QUEENS,NY
90387,33-70,162ND ST,QUEENS,NY
90388,33-74,162ND ST,QUEENS,NY
90389,33-75,162ND ST,QUEENS,NY
90390,33-80,162ND ST,QUEENS,NY
90391,33-81,162ND ST,QUEENS,NY
90392,35-05,162ND ST,QUEENS,NY
90393,35-06,162ND ST,QUEENS,NY
90394,35-11,162ND ST,QUEENS,NY
90395,35-12,162ND ST,QUEENS,NY
90396,35-17,162ND ST,QUEENS,NY
90397,35-18,162ND ST,QUEENS,NY
90398,35-19,162ND ST,QUEENS,NY
90399,35-24,162ND ST,QUEENS,NY
90400,35-29,162ND ST,QUEENS,NY
90401,35-34,162ND ST,QUEENS,NY
90402,35-35,162ND ST,QUEENS,NY
90403,35-40,162ND ST,QUEENS,NY
90404,35-41,162ND ST,QUEENS,NY
90405,35-46,162ND ST,QUEENS,NY
90406,35-47,162ND ST,QUEENS,NY
90407,35-51,162ND ST,QUEENS,NY
90408,35-52,162ND ST,QUEENS,NY
90409,35-57,162ND ST,QUEENS,NY
90410,35-58,162ND ST,QUEENS,NY
90411,35-65,162ND ST,QUEENS,NY
90412,35-68,162ND ST,QUEENS,NY
90413,35-70,162ND ST,QUEENS,NY
90414,35-71,162ND ST,QUEENS,NY
90415,35-74,162ND ST,QUEENS,NY
90416,35-75,162ND ST,QUEENS,NY
90417,35-82,162ND ST,QUEENS,NY
90418,35-88,162ND ST,QUEENS,NY
90419,29-12,163RD ST,QUEENS,NY
90420,29-24,163RD ST,QUEENS,NY
90421,33-01,163RD ST,QUEENS,NY
90422,33-05,163RD ST,QUEENS,NY
90423,33-09,163RD ST,QUEENS,NY
90424,33-11,163RD ST,QUEENS,NY
90425,33-12,163RD ST,QUEENS,NY
90426,33-18,163RD ST,QUEENS,NY
90427,33-21,163RD ST,QUEENS,NY
90428,33-24,163RD ST,QUEENS,NY
90429,33-23/25,163RD ST,QUEENS,NY
90430,33-27/29,163RD ST,QUEENS,NY
90431,33-30,163RD ST,QUEENS,NY
90432,33-31/33,163RD ST,QUEENS,NY
90433,33-34,163RD ST,QUEENS,NY
90434,33-37,163RD ST,QUEENS,NY
90435,33-38,163RD ST,QUEENS,NY
90436,33-42,163RD ST,QUEENS,NY
90437,33-45,163RD ST,QUEENS,NY
90438,33-46,163RD ST,QUEENS,NY
90439,33-50,163RD ST,QUEENS,NY
90440,33-51,163RD ST,QUEENS,NY
90441,33-52,163RD ST,QUEENS,NY
90442,33-55,163RD ST,QUEENS,NY
90443,33-58,163RD ST,QUEENS,NY
90444,33-59,163RD ST,QUEENS,NY
90445,33-62,163RD ST,QUEENS,NY
90446,33-63,163RD ST,QUEENS,NY
90447,33-66,163RD ST,QUEENS,NY
90448,33-67,163RD ST,QUEENS,NY
90449,33-70,163RD ST,QUEENS,NY
90450,33-73,163RD ST,QUEENS,NY
90451,33-78,163RD ST,QUEENS,NY
90452,33-81,163RD ST,QUEENS,NY
90453,33-84,163RD ST,QUEENS,NY
90454,35-05,163RD ST,QUEENS,NY
90455,35-10,163RD ST,QUEENS,NY
90456,35-15,163RD ST,QUEENS,NY
90457,35-18,163RD ST,QUEENS,NY
90458,35-19/23,163RD ST,QUEENS,NY
90459,35-22,163RD ST,QUEENS,NY
90460,35-27/31,163RD ST,QUEENS,NY
90461,35-28,163RD ST,QUEENS,NY
90462,35-33/35,163RD ST,QUEENS,NY
90463,35-34,163RD ST,QUEENS,NY
90464,35-40/44,163RD ST,QUEENS,NY
90465,35-41/43,163RD ST,QUEENS,NY
90466,35-47/51,163RD ST,QUEENS,NY
90467,35-50,163RD ST,QUEENS,NY
90468,35-54,163RD ST,QUEENS,NY
90469,35-57A/B,163RD ST,QUEENS,NY
90470,35-60,163RD ST,QUEENS,NY
90471,35-63,163RD ST,QUEENS,NY
90472,35-64,163RD ST,QUEENS,NY
90473,35-67/69,163RD ST,QUEENS,NY
90474,35-70,163RD ST,QUEENS,NY
90475,35-71/73,163RD ST,QUEENS,NY
90476,35-76,163RD ST,QUEENS,NY
90477,35-84,163RD ST,QUEENS,NY
90478,29-55/59,164TH ST,QUEENS,NY
90479,32-05,164TH ST,QUEENS,NY
90480,32-15,164TH ST,QUEENS,NY
90481,32-27,164TH ST,QUEENS,NY
90482,33-01/09,164TH ST,QUEENS,NY
90483,33-04,164TH ST,QUEENS,NY
90484,33-10,164TH ST,QUEENS,NY
90485,33-14,164TH ST,QUEENS,NY
90486,33-17,164TH ST,QUEENS,NY
90487,33-18,164TH ST,QUEENS,NY
90488,33-19,164TH ST,QUEENS,NY
90489,33-22,164TH ST,QUEENS,NY
90490,33-23,164TH ST,QUEENS,NY
90491,33-26,164TH ST,QUEENS,NY
90492,33-28,164TH ST,QUEENS,NY
90493,33-29,164TH ST,QUEENS,NY
90494,33-33,164TH ST,QUEENS,NY
90495,33-34/36,164TH ST,QUEENS,NY
90496,33-37,164TH ST,QUEENS,NY
90497,33-38/40,164TH ST,QUEENS,NY
90498,33-41,164TH ST,QUEENS,NY
90499,33-44,164TH ST,QUEENS,NY
90500,33-45,164TH ST,QUEENS,NY
90501,33-48,164TH ST,QUEENS,NY
90502,33-49,164TH ST,QUEENS,NY
90503,33-53,164TH ST,QUEENS,NY
90504,33-54,164TH ST,QUEENS,NY
90505,33-56,164TH ST,QUEENS,NY
90506,33-57,164TH ST,QUEENS,NY
90507,33-61,164TH ST,QUEENS,NY
90508,33-62,164TH ST,QUEENS,NY
90509,33-63,164TH ST,QUEENS,NY
90510,33-64,164TH ST,QUEENS,NY
90511,33-69,164TH ST,QUEENS,NY
90512,33-70,164TH ST,QUEENS,NY
90513,33-71,164TH ST,QUEENS,NY
90514,33-73,164TH ST,QUEENS,NY
90515,33-76,164TH ST,QUEENS,NY
90516,33-80,164TH ST,QUEENS,NY
90517,33-81,164TH ST,QUEENS,NY
90518,33-82,164TH ST,QUEENS,NY
90519,35-03,164TH ST,QUEENS,NY
90520,35-11,164TH ST,QUEENS,NY
90521,35-14,164TH ST,QUEENS,NY
90522,35-15,164TH ST,QUEENS,NY
90523,35-19,164TH ST,QUEENS,NY
90524,35-20,164TH ST,QUEENS,NY
90525,35-24,164TH ST,QUEENS,NY
90526,35-25,164TH ST,QUEENS,NY
90527,35-29,164TH ST,QUEENS,NY
90528,35-30,164TH ST,QUEENS,NY
90529,35-35,164TH ST,QUEENS,NY
90530,35-36/38,164TH ST,QUEENS,NY
90531,35-39,164TH ST,QUEENS,NY
90532,35-40/42,164TH ST,QUEENS,NY
90533,35-46,164TH ST,QUEENS,NY
90534,35-47,164TH ST,QUEENS,NY
90535,35-50,164TH ST,QUEENS,NY
90536,35-51,164TH ST,QUEENS,NY
90537,35-54,164TH ST,QUEENS,NY
90538,35-58/60,164TH ST,QUEENS,NY
90539,35-59/63,164TH ST,QUEENS,NY
90540,35-64/66,164TH ST,QUEENS,NY
90541,35-70/72,164TH ST,QUEENS,NY
90542,35-69,164TH ST,QUEENS,NY
90543,32-04,165TH ST,QUEENS,NY
90544,32-17,165TH ST,QUEENS,NY
90545,32-15,165TH ST,QUEENS,NY
90546,32-19,165TH ST,QUEENS,NY
90547,32-23,165TH ST,QUEENS,NY
90548,32-29/31,165TH ST,QUEENS,NY
90549,32-39,165TH ST,QUEENS,NY
90550,33-02,165TH ST,QUEENS,NY
90551,33-05,165TH ST,QUEENS,NY
90552,33-06,165TH ST,QUEENS,NY
90553,33-11,165TH ST,QUEENS,NY
90554,33-12,165TH ST,QUEENS,NY
90555,33-16,165TH ST,QUEENS,NY
90556,33-20,165TH ST,QUEENS,NY
90557,33-21,165TH ST,QUEENS,NY
90558,33-25,165TH ST,QUEENS,NY
90559,33-26,165TH ST,QUEENS,NY
90560,33-29,165TH ST,QUEENS,NY
90561,33-30,165TH ST,QUEENS,NY
90562,33-31,165TH ST,QUEENS,NY
90563,33-34,165TH ST,QUEENS,NY
90564,33-37,165TH ST,QUEENS,NY
90565,33-38,165TH ST,QUEENS,NY
90566,33-42,165TH ST,QUEENS,NY
90567,33-43,165TH ST,QUEENS,NY
90568,33-46,165TH ST,QUEENS,NY
90569,33-47,165TH ST,QUEENS,NY
90570,33-50,165TH ST,QUEENS,NY
90571,33-51,165TH ST,QUEENS,NY
90572,33-54,165TH ST,QUEENS,NY
90573,33-57,165TH ST,QUEENS,NY
90574,33-59,165TH ST,QUEENS,NY
90575,33-60,165TH ST,QUEENS,NY
90576,33-63,165TH ST,QUEENS,NY
90577,33-64,165TH ST,QUEENS,NY
90578,33-67,165TH ST,QUEENS,NY
90579,33-70,165TH ST,QUEENS,NY
90580,33-73,165TH ST,QUEENS,NY
90581,33-75,165TH ST,QUEENS,NY
90582,32-04,166TH ST,QUEENS,NY
90583,32-05,166TH ST,QUEENS,NY
90584,32-11,166TH ST,QUEENS,NY
90585,32-14,166TH ST,QUEENS,NY
90586,32-15,166TH ST,QUEENS,NY
90587,32-16,166TH ST,QUEENS,NY
90588,32-19,166TH ST,QUEENS,NY
90589,32-20,166TH ST,QUEENS,NY
90590,32-23,166TH ST,QUEENS,NY
90591,32-24,166TH ST,QUEENS,NY
90592,32-27,166TH ST,QUEENS,NY
90593,32-28,166TH ST,QUEENS,NY
90594,32-31,166TH ST,QUEENS,NY
90595,32-32,166TH ST,QUEENS,NY
90596,32-29,166TH ST,QUEENS,NY
90597,33-03,166TH ST,QUEENS,NY
90598,33-04,166TH ST,QUEENS,NY
90599,33-10,166TH ST,QUEENS,NY
90600,33-11,166TH ST,QUEENS,NY
90601,33-14,166TH ST,QUEENS,NY
90602,33-15,166TH ST,QUEENS,NY
90603,33-18,166TH ST,QUEENS,NY
90604,33-19,166TH ST,QUEENS,NY
90605,33-22,166TH ST,QUEENS,NY
90606,33-25,166TH ST,QUEENS,NY
90607,33-26,166TH ST,QUEENS,NY
90608,33-29,166TH ST,QUEENS,NY
90609,33-33,166TH ST,QUEENS,NY
90610,33-34,166TH ST,QUEENS,NY
90611,33-37,166TH ST,QUEENS,NY
90612,33-38,166TH ST,QUEENS,NY
90613,33-42,166TH ST,QUEENS,NY
90614,33-43,166TH ST,QUEENS,NY
90615,33-46,166TH ST,QUEENS,NY
90616,33-47,166TH ST,QUEENS,NY
90617,33-50,166TH ST,QUEENS,NY
90618,33-51,166TH ST,QUEENS,NY
90619,33-54,166TH ST,QUEENS,NY
90620,33-55,166TH ST,QUEENS,NY
90621,33-58,166TH ST,QUEENS,NY
90622,33-59,166TH ST,QUEENS,NY
90623,33-65,166TH ST,QUEENS,NY
90624,33-66,166TH ST,QUEENS,NY
90625,33-69,166TH ST,QUEENS,NY
90626,33-70,166TH ST,QUEENS,NY
90627,33-73,166TH ST,QUEENS,NY
90628,33-76,166TH ST,QUEENS,NY
90629,33-77,166TH ST,QUEENS,NY
90630,33-88,166TH ST,QUEENS,NY
90631,35-03,166TH ST,QUEENS,NY
90632,35-06,166TH ST,QUEENS,NY
90633,35-11,166TH ST,QUEENS,NY
90634,35-12,166TH ST,QUEENS,NY
90635,35-15,166TH ST,QUEENS,NY
90636,35-18,166TH ST,QUEENS,NY
90637,35-24,166TH ST,QUEENS,NY
90638,35-27,166TH ST,QUEENS,NY
90639,35-30,166TH ST,QUEENS,NY
90640,35-31,166TH ST,QUEENS,NY
90641,35-35,166TH ST,QUEENS,NY
90642,35-36,166TH ST,QUEENS,NY
90643,35-43,166TH ST,QUEENS,NY
90644,35-44,166TH ST,QUEENS,NY
90645,35-49,166TH ST,QUEENS,NY
90646,35-50,166TH ST,QUEENS,NY
90647,35-54,166TH ST,QUEENS,NY
90648,35-55,166TH ST,QUEENS,NY
90649,35-62,166TH ST,QUEENS,NY
90650,35-69,166TH ST,QUEENS,NY
90651,35-83,166TH ST,QUEENS,NY
90652,32-01,167TH ST,QUEENS,NY
90653,32-04,167TH ST,QUEENS,NY
90654,32-07,167TH ST,QUEENS,NY
90655,32-08,167TH ST,QUEENS,NY
90656,32-10,167TH ST,QUEENS,NY
90657,32-15,167TH ST,QUEENS,NY
90658,32-16,167TH ST,QUEENS,NY
90659,32-20,167TH ST,QUEENS,NY
90660,32-21,167TH ST,QUEENS,NY
90661,32-24,167TH ST,QUEENS,NY
90662,32-25,167TH ST,QUEENS,NY
90663,32-27,167TH ST,QUEENS,NY
90664,32-30,167TH ST,QUEENS,NY
90665,32-31,167TH ST,QUEENS,NY
90666,32-32,167TH ST,QUEENS,NY
90667,32-35,167TH ST,QUEENS,NY
90668,33-01,167TH ST,QUEENS,NY
90669,33-06,167TH ST,QUEENS,NY
90670,33-11,167TH ST,QUEENS,NY
90671,33-12,167TH ST,QUEENS,NY
90672,33-15,167TH ST,QUEENS,NY
90673,33-16,167TH ST,QUEENS,NY
90674,33-20,167TH ST,QUEENS,NY
90675,33-21,167TH ST,QUEENS,NY
90676,33-23,167TH ST,QUEENS,NY
90677,33-24,167TH ST,QUEENS,NY
90678,33-27,167TH ST,QUEENS,NY
90679,33-28,167TH ST,QUEENS,NY
90680,33-31,167TH ST,QUEENS,NY
90681,33-34,167TH ST,QUEENS,NY
90682,33-35,167TH ST,QUEENS,NY
90683,33-36,167TH ST,QUEENS,NY
90684,33-40,167TH ST,QUEENS,NY
90685,33-41,167TH ST,QUEENS,NY
90686,33-43,167TH ST,QUEENS,NY
90687,33-44,167TH ST,QUEENS,NY
90688,33-47,167TH ST,QUEENS,NY
90689,33-48,167TH ST,QUEENS,NY
90690,33-50,167TH ST,QUEENS,NY
90691,33-51,167TH ST,QUEENS,NY
90692,33-54,167TH ST,QUEENS,NY
90693,33-55,167TH ST,QUEENS,NY
90694,33-56,167TH ST,QUEENS,NY
90695,33-60,167TH ST,QUEENS,NY
90696,33-61,167TH ST,QUEENS,NY
90697,33-64,167TH ST,QUEENS,NY
90698,33-65,167TH ST,QUEENS,NY
90699,33-69,167TH ST,QUEENS,NY
90700,33-72,167TH ST,QUEENS,NY
90701,33-76,167TH ST,QUEENS,NY
90702,35-05,167TH ST,QUEENS,NY
90703,35-11/15,167TH ST,QUEENS,NY
90704,35-14,167TH ST,QUEENS,NY
90705,35-19,167TH ST,QUEENS,NY
90706,35-20,167TH ST,QUEENS,NY
90707,35-25,167TH ST,QUEENS,NY
90708,35-28,167TH ST,QUEENS,NY
90709,35-31,167TH ST,QUEENS,NY
90710,35-34,167TH ST,QUEENS,NY
90711,35-35,167TH ST,QUEENS,NY
90712,35-40,167TH ST,QUEENS,NY
90713,35-44,167TH ST,QUEENS,NY
90714,35-45,167TH ST,QUEENS,NY
90715,35-49,167TH ST,QUEENS,NY
90716,35-56,167TH ST,QUEENS,NY
90717,35-57,167TH ST,QUEENS,NY
90718,35-61,167TH ST,QUEENS,NY
90719,35-62,167TH ST,QUEENS,NY
90720,36-02,167TH ST,QUEENS,NY
90721,36-08,167TH ST,QUEENS,NY
90722,36-12,167TH ST,QUEENS,NY
90723,36-16,167TH ST,QUEENS,NY
90724,36-20,167TH ST,QUEENS,NY
90725,36-24,167TH ST,QUEENS,NY
90726,36-28,167TH ST,QUEENS,NY
90727,36-32,167TH ST,QUEENS,NY
90728,36-36,167TH ST,QUEENS,NY
90729,36-40,167TH ST,QUEENS,NY
90730,32-04,168TH ST,QUEENS,NY
90731,32-05,168TH ST,QUEENS,NY
90732,32-08,168TH ST,QUEENS,NY
90733,32-14,168TH ST,QUEENS,NY
90734,32-15,168TH ST,QUEENS,NY
90735,32-17,168TH ST,QUEENS,NY
90736,32-18,168TH ST,QUEENS,NY
90737,32-21,168TH ST,QUEENS,NY
90738,32-25,168TH ST,QUEENS,NY
90739,32-26,168TH ST,QUEENS,NY
90740,32-30,168TH ST,QUEENS,NY
90741,32-31,168TH ST,QUEENS,NY
90742,32-32,168TH ST,QUEENS,NY
90743,32-37,168TH ST,QUEENS,NY
90744,33-02,168TH ST,QUEENS,NY
90745,33-05,168TH ST,QUEENS,NY
90746,33-11,168TH ST,QUEENS,NY
90747,33-12,168TH ST,QUEENS,NY
90748,33-16,168TH ST,QUEENS,NY
90749,33-17,168TH ST,QUEENS,NY
90750,33-20,168TH ST,QUEENS,NY
90751,33-21,168TH ST,QUEENS,NY
90752,33-24,168TH ST,QUEENS,NY
90753,33-27,168TH ST,QUEENS,NY
90754,33-28,168TH ST,QUEENS,NY
90755,33-31,168TH ST,QUEENS,NY
90756,33-32,168TH ST,QUEENS,NY
90757,33-35,168TH ST,QUEENS,NY
90758,33-38,168TH ST,QUEENS,NY
90759,33-39,168TH ST,QUEENS,NY
90760,33-42,168TH ST,QUEENS,NY
90761,33-43,168TH ST,QUEENS,NY
90762,33-46,168TH ST,QUEENS,NY
90763,33-47,168TH ST,QUEENS,NY
90764,33-52,168TH ST,QUEENS,NY
90765,33-53,168TH ST,QUEENS,NY
90766,33-57,168TH ST,QUEENS,NY
90767,33-58,168TH ST,QUEENS,NY
90768,33-61,168TH ST,QUEENS,NY
90769,33-64,168TH ST,QUEENS,NY
90770,33-65,168TH ST,QUEENS,NY
90771,33-66,168TH ST,QUEENS,NY
90772,33-64,168TH ST,QUEENS,NY
90773,33-70,168TH ST,QUEENS,NY
90774,33-72,168TH ST,QUEENS,NY
90775,33-80,168TH ST,QUEENS,NY
90776,35-02,168TH ST,QUEENS,NY
90777,35-06,168TH ST,QUEENS,NY
90778,35-10,168TH ST,QUEENS,NY
90779,35-11,168TH ST,QUEENS,NY
90780,35-14,168TH ST,QUEENS,NY
90781,35-15,168TH ST,QUEENS,NY
90782,35-17,168TH ST,QUEENS,NY
90783,35-18,168TH ST,QUEENS,NY
90784,35-21,168TH ST,QUEENS,NY
90785,35-22,168TH ST,QUEENS,NY
90786,35-25,168TH ST,QUEENS,NY
90787,35-26,168TH ST,QUEENS,NY
90788,35-30,168TH ST,QUEENS,NY
90789,35-31,168TH ST,QUEENS,NY
90790,35-32,168TH ST,QUEENS,NY
90791,35-35,168TH ST,QUEENS,NY
90792,35-37,168TH ST,QUEENS,NY
90793,35-39,168TH ST,QUEENS,NY
90794,35-40,168TH ST,QUEENS,NY
90795,35-41,168TH ST,QUEENS,NY
90796,35-46,168TH ST,QUEENS,NY
90797,35-50,168TH ST,QUEENS,NY
90798,35-51,168TH ST,QUEENS,NY
90799,35-54,168TH ST,QUEENS,NY
90800,35-55,168TH ST,QUEENS,NY
90801,35-59,168TH ST,QUEENS,NY
90802,35-63,168TH ST,QUEENS,NY
90803,32-06,169TH ST,QUEENS,NY
90804,32-13,169TH ST,QUEENS,NY
90805,32-14,169TH ST,QUEENS,NY
90806,32-15,169TH ST,QUEENS,NY
90807,32-18,169TH ST,QUEENS,NY
90808,32-20,169TH ST,QUEENS,NY
90809,32-21,169TH ST,QUEENS,NY
90810,32-25,169TH ST,QUEENS,NY
90811,32-26,169TH ST,QUEENS,NY
90812,32-30,169TH ST,QUEENS,NY
90813,32-31,169TH ST,QUEENS,NY
90814,32-32,169TH ST,QUEENS,NY
90815,32-37,169TH ST,QUEENS,NY
90816,33-01,169TH ST,QUEENS,NY
90817,33-02,169TH ST,QUEENS,NY
90818,33-08,169TH ST,QUEENS,NY
90819,33-11,169TH ST,QUEENS,NY
90820,33-12,169TH ST,QUEENS,NY
90821,33-15,169TH ST,QUEENS,NY
90822,33-19,169TH ST,QUEENS,NY
90823,33-20,169TH ST,QUEENS,NY
90824,33-23,169TH ST,QUEENS,NY
90825,33-26,169TH ST,QUEENS,NY
90826,33-29,169TH ST,QUEENS,NY
90827,33-33,169TH ST,QUEENS,NY
90828,33-39,169TH ST,QUEENS,NY
90829,33-40,169TH ST,QUEENS,NY
90830,33-42,169TH ST,QUEENS,NY
90831,33-43,169TH ST,QUEENS,NY
90832,33-44,169TH ST,QUEENS,NY
90833,33-45,169TH ST,QUEENS,NY
90834,33-48,169TH ST,QUEENS,NY
90835,33-49,169TH ST,QUEENS,NY
90836,33-52,169TH ST,QUEENS,NY
90837,33-56,169TH ST,QUEENS,NY
90838,33-59,169TH ST,QUEENS,NY
90839,33-62,169TH ST,QUEENS,NY
90840,33-65,169TH ST,QUEENS,NY
90841,33-68,169TH ST,QUEENS,NY
90842,33-69,169TH ST,QUEENS,NY
90843,33-73,169TH ST,QUEENS,NY
90844,33-74,169TH ST,QUEENS,NY
90845,33-79,169TH ST,QUEENS,NY
90846,33-80,169TH ST,QUEENS,NY
90847,33-83,169TH ST,QUEENS,NY
90848,35-06,169TH ST,QUEENS,NY
90849,35-01/09,169TH ST,QUEENS,NY
90850,35-11,169TH ST,QUEENS,NY
90851,35-12,169TH ST,QUEENS,NY
90852,35-15,169TH ST,QUEENS,NY
90853,35-18,169TH ST,QUEENS,NY
90854,35-19,169TH ST,QUEENS,NY
90855,35-24,169TH ST,QUEENS,NY
90856,35-25,169TH ST,QUEENS,NY
90857,35-26,169TH ST,QUEENS,NY
90858,35-31,169TH ST,QUEENS,NY
90859,35-34,169TH ST,QUEENS,NY
90860,35-37,169TH ST,QUEENS,NY
90861,35-38,169TH ST,QUEENS,NY
90862,35-43,169TH ST,QUEENS,NY
90863,35-44,169TH ST,QUEENS,NY
90864,35-50,169TH ST,QUEENS,NY
90865,35-53,169TH ST,QUEENS,NY
90866,35-54,169TH ST,QUEENS,NY
90867,35-60,169TH ST,QUEENS,NY
90868,32-14,170TH ST,QUEENS,NY
90869,32-18,170TH ST,QUEENS,NY
90870,32-22,170TH ST,QUEENS,NY
90871,32-26,170TH ST,QUEENS,NY
90872,32-30,170TH ST,QUEENS,NY
90873,32-31,170TH ST,QUEENS,NY
90874,32-40,170TH ST,QUEENS,NY
90875,33-10,170TH ST,QUEENS,NY
90876,33-11,170TH ST,QUEENS,NY
90877,33-12,170TH ST,QUEENS,NY
90878,33-15,170TH ST,QUEENS,NY
90879,33-16,170TH ST,QUEENS,NY
90880,33-19,170TH ST,QUEENS,NY
90881,33-20,170TH ST,QUEENS,NY
90882,33-25,170TH ST,QUEENS,NY
90883,33-26,170TH ST,QUEENS,NY
90884,33-27,170TH ST,QUEENS,NY
90885,33-30,170TH ST,QUEENS,NY
90886,33-31,170TH ST,QUEENS,NY
90887,33-34,170TH ST,QUEENS,NY
90888,33-35,170TH ST,QUEENS,NY
90889,33-39,170TH ST,QUEENS,NY
90890,33-40,170TH ST,QUEENS,NY
90891,33-44,170TH ST,QUEENS,NY
90892,33-43/45,170TH ST,QUEENS,NY
90893,33-48,170TH ST,QUEENS,NY
90894,33-49,170TH ST,QUEENS,NY
90895,33-52,170TH ST,QUEENS,NY
90896,33-53,170TH ST,QUEENS,NY
90897,33-56,170TH ST,QUEENS,NY
90898,33-57,170TH ST,QUEENS,NY
90899,33-60,170TH ST,QUEENS,NY
90900,33-61,170TH ST,QUEENS,NY
90901,33-64,170TH ST,QUEENS,NY
90902,33-65,170TH ST,QUEENS,NY
90903,33-68,170TH ST,QUEENS,NY
90904,33-69,170TH ST,QUEENS,NY
90905,33-72,170TH ST,QUEENS,NY
90906,33-73,170TH ST,QUEENS,NY
90907,33-78,170TH ST,QUEENS,NY
90908,33-81,170TH ST,QUEENS,NY
90909,33-82,170TH ST,QUEENS,NY
90910,35-03,170TH ST,QUEENS,NY
90911,35-06,170TH ST,QUEENS,NY
90912,35-11,170TH ST,QUEENS,NY
90913,35-15,170TH ST,QUEENS,NY
90914,35-18,170TH ST,QUEENS,NY
90915,35-19,170TH ST,QUEENS,NY
90916,35-24,170TH ST,QUEENS,NY
90917,35-25,170TH ST,QUEENS,NY
90918,35-29,170TH ST,QUEENS,NY
90919,35-30,170TH ST,QUEENS,NY
90920,35-33,170TH ST,QUEENS,NY
90921,35-34,170TH ST,QUEENS,NY
90922,35-37,170TH ST,QUEENS,NY
90923,35-40,170TH ST,QUEENS,NY
90924,35-44,170TH ST,QUEENS,NY
90925,35-45,170TH ST,QUEENS,NY
90926,35-47,170TH ST,QUEENS,NY
90927,35-50,170TH ST,QUEENS,NY
90928,35-54,170TH ST,QUEENS,NY
90929,35-60,170TH ST,QUEENS,NY
90930,35-62,170TH ST,QUEENS,NY
90931,32-01/09,171ST ST,QUEENS,NY
90932,32-04,171ST ST,QUEENS,NY
90933,32-11,171ST ST,QUEENS,NY
90934,32-28,171ST ST,QUEENS,NY
90935,32-30,171ST ST,QUEENS,NY
90936,32-32,171ST ST,QUEENS,NY
90937,33-16,171ST ST,QUEENS,NY
90938,33-18,171ST ST,QUEENS,NY
90939,33-20,171ST ST,QUEENS,NY
90940,33-24,171ST ST,QUEENS,NY
90941,33-25,171ST ST,QUEENS,NY
90942,33-28,171ST ST,QUEENS,NY
90943,33-29,171ST ST,QUEENS,NY
90944,33-33,171ST ST,QUEENS,NY
90945,33-34,171ST ST,QUEENS,NY
90946,33-37,171ST ST,QUEENS,NY
90947,33-38,171ST ST,QUEENS,NY
90948,33-42,171ST ST,QUEENS,NY
90949,33-44,171ST ST,QUEENS,NY
90950,33-48,171ST ST,QUEENS,NY
90951,33-54,171ST ST,QUEENS,NY
90952,33-58,171ST ST,QUEENS,NY
90953,33-60,171ST ST,QUEENS,NY
90954,33-64,171ST ST,QUEENS,NY
90955,33-66,171ST ST,QUEENS,NY
90956,33-74,171ST ST,QUEENS,NY
90957,33-82,171ST ST,QUEENS,NY
90958,35-01,171ST ST,QUEENS,NY
90959,35-04,171ST ST,QUEENS,NY
90960,35-11,171ST ST,QUEENS,NY
90961,35-12,171ST ST,QUEENS,NY
90962,35-15,171ST ST,QUEENS,NY
90963,35-16,171ST ST,QUEENS,NY
90964,35-19,171ST ST,QUEENS,NY
90965,35-20,171ST ST,QUEENS,NY
90966,35-23,171ST ST,QUEENS,NY
90967,35-24,171ST ST,QUEENS,NY
90968,35-27,171ST ST,QUEENS,NY
90969,35-32,171ST ST,QUEENS,NY
90970,35-33,171ST ST,QUEENS,NY
90971,35-38,171ST ST,QUEENS,NY
90972,35-39,171ST ST,QUEENS,NY
90973,35-42,171ST ST,QUEENS,NY
90974,35-45,171ST ST,QUEENS,NY
90975,35-51,171ST ST,QUEENS,NY
90976,29-56,172ND ST,QUEENS,NY
90977,32-04,172ND ST,QUEENS,NY
90978,32-08,172ND ST,QUEENS,NY
90979,32-13,172ND ST,QUEENS,NY
90980,32-14,172ND ST,QUEENS,NY
90981,32-17,172ND ST,QUEENS,NY
90982,32-18,172ND ST,QUEENS,NY
90983,32-21,172ND ST,QUEENS,NY
90984,32-22,172ND ST,QUEENS,NY
90985,32-26,172ND ST,QUEENS,NY
90986,32-30,172ND ST,QUEENS,NY
90987,33-06,172ND ST,QUEENS,NY
90988,33-14,172ND ST,QUEENS,NY
90989,33-15,172ND ST,QUEENS,NY
90990,33-17,172ND ST,QUEENS,NY
90991,33-18,172ND ST,QUEENS,NY
90992,33-19,172ND ST,QUEENS,NY
90993,33-21,172ND ST,QUEENS,NY
90994,33-22,172ND ST,QUEENS,NY
90995,33-23,172ND ST,QUEENS,NY
90996,33-26,172ND ST,QUEENS,NY
90997,33-28,172ND ST,QUEENS,NY
90998,33-33,172ND ST,QUEENS,NY
90999,33-34,172ND ST,QUEENS,NY
91000,33-35,172ND ST,QUEENS,NY
91001,33-36,172ND ST,QUEENS,NY
91002,33-37,172ND ST,QUEENS,NY
91003,33-45,172ND ST,QUEENS,NY
91004,33-49,172ND ST,QUEENS,NY
91005,33-53,172ND ST,QUEENS,NY
91006,33-57,172ND ST,QUEENS,NY
91007,33-61,172ND ST,QUEENS,NY
91008,33-65,172ND ST,QUEENS,NY
91009,33-69,172ND ST,QUEENS,NY
91010,33-73,172ND ST,QUEENS,NY
91011,35-11,172ND ST,QUEENS,NY
91012,35-14,172ND ST,QUEENS,NY
91013,35-16,172ND ST,QUEENS,NY
91014,35-17,172ND ST,QUEENS,NY
91015,35-18,172ND ST,QUEENS,NY
91016,35-21,172ND ST,QUEENS,NY
91017,35-24,172ND ST,QUEENS,NY
91018,35-25,172ND ST,QUEENS,NY
91019,35-28,172ND ST,QUEENS,NY
91020,35-29,172ND ST,QUEENS,NY
91021,35-32,172ND ST,QUEENS,NY
91022,35-33,172ND ST,QUEENS,NY
91023,35-36,172ND ST,QUEENS,NY
91024,35-37,172ND ST,QUEENS,NY
91025,35-40,172ND ST,QUEENS,NY
91026,35-44,172ND ST,QUEENS,NY
91027,32-51,UTOPIA PKWY,QUEENS,NY
91028,33-05,UTOPIA PKWY,QUEENS,NY
91029,33-11,UTOPIA PKWY,QUEENS,NY
91030,33-12,UTOPIA PKWY,QUEENS,NY
91031,33-16,UTOPIA PKWY,QUEENS,NY
91032,33-17,UTOPIA PKWY,QUEENS,NY
91033,33-23,UTOPIA PKWY,QUEENS,NY
91034,33-24,UTOPIA PKWY,QUEENS,NY
91035,33-27,UTOPIA PKWY,QUEENS,NY
91036,33-30,UTOPIA PKWY,QUEENS,NY
91037,33-31,UTOPIA PKWY,QUEENS,NY
91038,33-35,UTOPIA PKWY,QUEENS,NY
91039,33-36,UTOPIA PKWY,QUEENS,NY
91040,33-38,UTOPIA PKWY,QUEENS,NY
91041,33-40,UTOPIA PKWY,QUEENS,NY
91042,33-48,UTOPIA PKWY,QUEENS,NY
91043,33-52,UTOPIA PKWY,QUEENS,NY
91044,33-56,UTOPIA PKWY,QUEENS,NY
91045,33-62,UTOPIA PKWY,QUEENS,NY
91046,33-66,UTOPIA PKWY,QUEENS,NY
91047,33-70,UTOPIA PKWY,QUEENS,NY
91048,33-74,UTOPIA PKWY,QUEENS,NY
91049,35-11,UTOPIA PKWY,QUEENS,NY
91050,35-12,UTOPIA PKWY,QUEENS,NY
91051,35-15,UTOPIA PKWY,QUEENS,NY
91052,35-16,UTOPIA PKWY,QUEENS,NY
91053,35-19,UTOPIA PKWY,QUEENS,NY
91054,35-20,UTOPIA PKWY,QUEENS,NY
91055,35-23,UTOPIA PKWY,QUEENS,NY
91056,35-24,UTOPIA PKWY,QUEENS,NY
91057,35-27,UTOPIA PKWY,QUEENS,NY
91058,35-30,UTOPIA PKWY,QUEENS,NY
91059,35-31,UTOPIA PKWY,QUEENS,NY
91060,35-32,UTOPIA PKWY,QUEENS,NY
91061,35-38,UTOPIA PKWY,QUEENS,NY
91062,35-11,190TH ST,QUEENS,NY
91063,35-12,UTOPIA PKWY,QUEENS,NY
91064,35-12,190TH ST,QUEENS,NY
91065,35-15/19,190TH ST,QUEENS,NY
91066,35-16,190TH ST,QUEENS,NY
91067,35-20,190TH ST,QUEENS,NY
91068,35-21/25,190TH ST,QUEENS,NY
91069,35-26,190TH ST,QUEENS,NY
91070,35-30,190TH ST,QUEENS,NY
91071,33-08,191ST ST,QUEENS,NY
91072,33-16,191ST ST,QUEENS,NY
91073,33-19,191ST ST,QUEENS,NY
91074,33-23,191ST ST,QUEENS,NY
91075,33-26,191ST ST,QUEENS,NY
91076,33-27,191ST ST,QUEENS,NY
91077,33-28,191ST ST,QUEENS,NY
91078,33-31/33,191ST ST,QUEENS,NY
91079,33-32,191ST ST,QUEENS,NY
91080,33-35,191ST ST,QUEENS,NY
91081,33-38,191ST ST,QUEENS,NY
91082,33-41,191ST ST,QUEENS,NY
91083,33-44,191ST ST,QUEENS,NY
91084,33-46,191ST ST,QUEENS,NY
91085,33-47,191ST ST,QUEENS,NY
91086,33-50,191ST ST,QUEENS,NY
91087,33-53,191ST ST,QUEENS,NY
91088,33-59,191ST ST,QUEENS,NY
91089,33-60,191ST ST,QUEENS,NY
91090,33-63,191ST ST,QUEENS,NY
91091,33-64,191ST ST,QUEENS,NY
91092,33-68,191ST ST,QUEENS,NY
91093,33-69,191ST ST,QUEENS,NY
91094,33-71,191ST ST,QUEENS,NY
91095,33-74,191ST ST,QUEENS,NY
91096,35-01/09,191ST ST,QUEENS,NY
91097,35-11,191ST ST,QUEENS,NY
91098,35-15,191ST ST,QUEENS,NY
91099,159-12,29TH AVE,QUEENS,NY
91100,159-12,29TH AVE,QUEENS,NY
91102,160-08,29TH AVE,QUEENS,NY
91101,160-08,29TH AVE,QUEENS,NY
91103,160-10,29TH AVE,QUEENS,NY
91104,160-10,29TH AVE,QUEENS,NY
91105,161-08,29TH AVE,QUEENS,NY
91106,161-08,29TH AVE,QUEENS,NY
91107,161-10,29TH AVE,QUEENS,NY
91108,161-10,29TH AVE,QUEENS,NY
91109,154-14,32ND AVE,QUEENS,NY
91110,154-17,32ND AVE,QUEENS,NY
91111,154-20,32ND AVE,QUEENS,NY
91112,155-12,32ND AVE,QUEENS,NY
91113,155-16,32ND AVE,QUEENS,NY
91114,155-20,32ND AVE,QUEENS,NY
91115,156-04,32ND AVE,QUEENS,NY
91116,156-10,32ND AVE,QUEENS,NY
91117,157-04,32ND AVE,QUEENS,NY
91118,157-10,32ND AVE,QUEENS,NY
91119,158-10,32ND AVE,QUEENS,NY
91120,158-18,32ND AVE,QUEENS,NY
91121,159-09,32ND AVE,QUEENS,NY
91122,159-10,32ND AVE,QUEENS,NY
91123,159-15,32ND AVE,QUEENS,NY
91124,160-03,32ND AVE,QUEENS,NY
91125,160-07,32ND AVE,QUEENS,NY
91126,160-09,32ND AVE,QUEENS,NY
91127,161-01,32ND AVE,QUEENS,NY
91128,161-07,32ND AVE,QUEENS,NY
91129,161-10,32ND AVE,QUEENS,NY
91130,161-11,32ND AVE,QUEENS,NY
91131,162-05,32ND AVE,QUEENS,NY
91132,162-10,32ND AVE,QUEENS,NY
91133,162-11,32ND AVE,QUEENS,NY
91134,164-01,32ND AVE,QUEENS,NY
91135,164-08/,10 32ND AVE,QUEENS,NY
91136,164-16,32ND AVE,QUEENS,NY
91137,166-06,32ND AVE,QUEENS,NY
91138,166-10,32ND AVE,QUEENS,NY
91139,168-06,32ND AVE,QUEENS,NY
91140,168-10,32ND AVE,QUEENS,NY
91141,168-14,32ND AVE,QUEENS,NY
91142,170-04,32ND AVE,QUEENS,NY
91143,170-12,32ND AVE,QUEENS,NY
91144,171-11,32ND AVE,QUEENS,NY
91145,171-19,32ND AVE,QUEENS,NY
91146,172-01,32ND AVE,QUEENS,NY
91147,172-04,32ND AVE,QUEENS,NY
91148,172-09,32ND AVE,QUEENS,NY
91149,172-10,32ND AVE,QUEENS,NY
91150,154-09,33RD AVE,QUEENS,NY
91151,155-03,33RD AVE,QUEENS,NY
91152,155-04,33RD AVE,QUEENS,NY
91153,155-08,33RD AVE,QUEENS,NY
91154,155-09,33RD AVE,QUEENS,NY
91155,155-12,33RD AVE,QUEENS,NY
91156,155-15,33RD AVE,QUEENS,NY
91157,156-01,33RD AVE,QUEENS,NY
91158,156-04,33RD AVE,QUEENS,NY
91159,156-05,33RD AVE,QUEENS,NY
91160,156-09,33RD AVE,QUEENS,NY
91161,156-16,33RD AVE,QUEENS,NY
91162,156-17,33RD AVE,QUEENS,NY
91163,157-05,33RD AVE,QUEENS,NY
91164,157-11,33RD AVE,QUEENS,NY
91165,157-17,33RD AVE,QUEENS,NY
91166,158-07,33RD AVE,QUEENS,NY
91167,158-11,33RD AVE,QUEENS,NY
91168,158-20,33RD AVE,QUEENS,NY
91169,159-05,33RD AVE,QUEENS,NY
91170,159-18,33RD AVE,QUEENS,NY
91171,160-03,33RD AVE,QUEENS,NY
91172,160-06,33RD AVE,QUEENS,NY
91173,160-11,33RD AVE,QUEENS,NY
91174,160-16,33RD AVE,QUEENS,NY
91175,160-17,33RD AVE,QUEENS,NY
91176,161-03,33RD AVE,QUEENS,NY
91177,161-15,33RD AVE,QUEENS,NY
91178,161-16,33RD AVE,QUEENS,NY
91179,162-03,33RD AVE,QUEENS,NY
91180,162-06,33RD AVE,QUEENS,NY
91181,163-03,33RD AVE,QUEENS,NY
91182,163-04,33RD AVE,QUEENS,NY
91183,163-15,33RD AVE,QUEENS,NY
91184,164-02,04 33RD AVE,QUEENS,NY
91185,164-03,33RD AVE,QUEENS,NY
91186,164-11,33RD AVE,QUEENS,NY
91187,164-17,33RD AVE,QUEENS,NY
91188,165-08,33RD AVE,QUEENS,NY
91189,165-09,33RD AVE,QUEENS,NY
91190,165-10,33RD AVE,QUEENS,NY
91191,165-16,33RD AVE,QUEENS,NY
91192,165-17,33RD AVE,QUEENS,NY
91193,166-06,33RD AVE,QUEENS,NY
91194,166-07,33RD AVE,QUEENS,NY
91195,166-12,33RD AVE,QUEENS,NY
91196,166-13/,15 33RD AVE,QUEENS,NY
91197,166-17,33RD AVE,QUEENS,NY
91198,167-01,33RD AVE,QUEENS,NY
91199,167-11,33RD AVE,QUEENS,NY
91200,167-12,33RD AVE,QUEENS,NY
91201,167-14,33RD AVE,QUEENS,NY
91202,168-02,33RD AVE,QUEENS,NY
91203,168-09,33RD AVE,QUEENS,NY
91204,168-10,33RD AVE,QUEENS,NY
91205,168-12,33RD AVE,QUEENS,NY
91206,168-15,33RD AVE,QUEENS,NY
91207,169-04,33RD AVE,QUEENS,NY
91208,169-09,33RD AVE,QUEENS,NY
91209,169-10,33RD AVE,QUEENS,NY
91210,169-11,33RD AVE,QUEENS,NY
91211,169-12,33RD AVE,QUEENS,NY
91212,169-18,33RD AVE,QUEENS,NY
91213,170-01/,19 33RD AVE,QUEENS,NY
91214,170-04,33RD AVE,QUEENS,NY
91215,171-07,33RD AVE,QUEENS,NY
91216,171-10,33RD AVE,QUEENS,NY
91217,171-11,33RD AVE,QUEENS,NY
91218,171-12,33RD AVE,QUEENS,NY
91219,171-17,33RD AVE,QUEENS,NY
91220,172-02,33RD AVE,QUEENS,NY
91221,172-06,33RD AVE,QUEENS,NY
91222,172-10,33RD AVE,QUEENS,NY
91223,172-12,33RD AVE,QUEENS,NY
91224,189-06,33RD AVE,QUEENS,NY
91225,189-07,33RD AVE,QUEENS,NY
91226,189-10,33RD AVE,QUEENS,NY
91227,189-16,33RD AVE,QUEENS,NY
91228,190-16,33RD AVE,QUEENS,NY
91229,154-02,35TH AVE,QUEENS,NY
91230,154-08,35TH AVE,QUEENS,NY
91231,154-14,35TH AVE,QUEENS,NY
91232,154-18,35TH AVE,QUEENS,NY
91233,155-10,35TH AVE,QUEENS,NY
91234,155-11,35TH AVE,QUEENS,NY
91235,155-14,35TH AVE,QUEENS,NY
91236,155-15,35TH AVE,QUEENS,NY
91237,156-03,35TH AVE,QUEENS,NY
91238,156-15,35TH AVE,QUEENS,NY
91239,157-03,35TH AVE,QUEENS,NY
91240,157-04,35TH AVE,QUEENS,NY
91241,157-15,35TH AVE,QUEENS,NY
91242,157-20,35TH AVE,QUEENS,NY
91243,158-04,35TH AVE,QUEENS,NY
91244,158-05,35TH AVE,QUEENS,NY
91245,159-01,35TH AVE,QUEENS,NY
91246,159-11,35TH AVE,QUEENS,NY
91247,160-01,35TH AVE,QUEENS,NY
91248,160-06,35TH AVE,QUEENS,NY
91249,160-14,35TH AVE,QUEENS,NY
91250,162-16,35TH AVE,QUEENS,NY
91251,163-15,35TH AVE,QUEENS,NY
91252,163-16,35TH AVE,QUEENS,NY
91253,164-01/,05 35TH AVE,QUEENS,NY
91254,166-03,35TH AVE,QUEENS,NY
91255,166-15,35TH AVE,QUEENS,NY
91256,166-16,35TH AVE,QUEENS,NY
91257,168-03,35TH AVE,QUEENS,NY
91258,168-04,35TH AVE,QUEENS,NY
91259,168-07,35TH AVE,QUEENS,NY
91260,168-08,35TH AVE,QUEENS,NY
91261,168-11,35TH AVE,QUEENS,NY
91262,168-12,35TH AVE,QUEENS,NY
91263,168-17,35TH AVE,QUEENS,NY
91264,169-02/,10/12 35TH AVE,QUEENS,NY
91265,169-11/,15/19 35TH AVE,QUEENS,NY
91266,169-14,35TH AVE,QUEENS,NY
91267,170-05,35TH AVE,QUEENS,NY
91268,170-08,35TH AVE,QUEENS,NY
91269,170-11,35TH AVE,QUEENS,NY
91270,170-12,35TH AVE,QUEENS,NY
91271,170-13,35TH AVE,QUEENS,NY
91272,170-18,35TH AVE,QUEENS,NY
91273,171-10,35TH AVE,QUEENS,NY
91274,171-11,35TH AVE,QUEENS,NY
91275,189-02/,06 35TH AVE,QUEENS,NY
91276,189-10/,14 35TH AVE,QUEENS,NY
91277,189-16/,18 35TH AVE,QUEENS,NY
91278,190-01-,21 35TH AVE,QUEENS,NY
91279,191-02-20,35TH AVE,QUEENS,NY
91280,191-02/,08 35TH AVE,QUEENS,NY
91281,191-05,35TH AVE,QUEENS,NY
91282,164-03,CROCHERON AVE,QUEENS,NY
91283,165-06,CROCHERON AVE,QUEENS,NY
91284,165-11,CROCHERON AVE,QUEENS,NY
91285,165-17,CROCHERON AVE,QUEENS,NY
91286,166-01/,05 CROCHERON AVE,QUEENS,NY
91287,166-61,CROCHERON AVE,QUEENS,NY
91288,169-11,CROCHERON AVE,QUEENS,NY
91289,169-17,CROCHERON AVE,QUEENS,NY
91290,171-15,CROCHERON AVE,QUEENS,NY
91291,190-01/,05 CROCHERON AVE,QUEENS,NY
91292,190-07/,09 CROCHERON AVE,QUEENS,NY
91293,190-15,17 CROCHERON AVE,QUEENS,NY
91294,157-17,NORTHERN BLVD,QUEENS,NY
91295,159-01,-27 NORTHERN BLVD,QUEENS,NY
